"rep","node","model1","model2","identity","blens","system"
1,5,"best","poisson",89.2727272727273,0.4,"HA"
1,6,"best","poisson",88.1818181818182,0.4,"HA"
1,5,"best","H1",97.4545454545455,0.4,"HA"
1,6,"best","H1",96.5454545454545,0.4,"HA"
1,5,"best","H3",97.0909090909091,0.4,"HA"
1,6,"best","H3",96.7272727272727,0.4,"HA"
1,5,"poisson","H1",90.5454545454545,0.4,"HA"
1,6,"poisson","H1",89.0909090909091,0.4,"HA"
1,5,"poisson","H3",89.0909090909091,0.4,"HA"
1,6,"poisson","H3",88.9090909090909,0.4,"HA"
1,5,"H1","H3",96.9090909090909,0.4,"HA"
1,6,"H1","H3",97.4545454545455,0.4,"HA"
2,5,"best","poisson",88.3636363636364,0.4,"HA"
2,6,"best","poisson",89.8181818181818,0.4,"HA"
2,5,"best","H1",93.0909090909091,0.4,"HA"
2,6,"best","H1",94.1818181818182,0.4,"HA"
2,5,"best","H3",94.5454545454545,0.4,"HA"
2,6,"best","H3",95.8181818181818,0.4,"HA"
2,5,"poisson","H1",88.7272727272727,0.4,"HA"
2,6,"poisson","H1",88.3636363636364,0.4,"HA"
2,5,"poisson","H3",88.7272727272727,0.4,"HA"
2,6,"poisson","H3",88.5454545454545,0.4,"HA"
2,5,"H1","H3",97.6363636363636,0.4,"HA"
2,6,"H1","H3",97.0909090909091,0.4,"HA"
3,5,"best","poisson",90.1818181818182,0.4,"HA"
3,6,"best","poisson",90.1818181818182,0.4,"HA"
3,5,"best","H1",96,0.4,"HA"
3,6,"best","H1",94.3636363636364,0.4,"HA"
3,5,"best","H3",96,0.4,"HA"
3,6,"best","H3",96.1818181818182,0.4,"HA"
3,5,"poisson","H1",91.0909090909091,0.4,"HA"
3,6,"poisson","H1",91.2727272727273,0.4,"HA"
3,5,"poisson","H3",91.0909090909091,0.4,"HA"
3,6,"poisson","H3",90.9090909090909,0.4,"HA"
3,5,"H1","H3",97.0909090909091,0.4,"HA"
3,6,"H1","H3",96.7272727272727,0.4,"HA"
4,5,"best","poisson",92.3636363636364,0.4,"HA"
4,6,"best","poisson",91.2727272727273,0.4,"HA"
4,5,"best","H1",96.3636363636364,0.4,"HA"
4,6,"best","H1",95.4545454545455,0.4,"HA"
4,5,"best","H3",97.6363636363636,0.4,"HA"
4,6,"best","H3",96.9090909090909,0.4,"HA"
4,5,"poisson","H1",92.3636363636364,0.4,"HA"
4,6,"poisson","H1",90.9090909090909,0.4,"HA"
4,5,"poisson","H3",92,0.4,"HA"
4,6,"poisson","H3",91.0909090909091,0.4,"HA"
4,5,"H1","H3",98.1818181818182,0.4,"HA"
4,6,"H1","H3",97.2727272727273,0.4,"HA"
5,5,"best","poisson",90.3636363636364,0.4,"HA"
5,6,"best","poisson",88.5454545454545,0.4,"HA"
5,5,"best","H1",94.7272727272727,0.4,"HA"
5,6,"best","H1",94.5454545454545,0.4,"HA"
5,5,"best","H3",94.9090909090909,0.4,"HA"
5,6,"best","H3",94.9090909090909,0.4,"HA"
5,5,"poisson","H1",90.5454545454545,0.4,"HA"
5,6,"poisson","H1",88.5454545454545,0.4,"HA"
5,5,"poisson","H3",90.5454545454545,0.4,"HA"
5,6,"poisson","H3",88.7272727272727,0.4,"HA"
5,5,"H1","H3",97.6363636363636,0.4,"HA"
5,6,"H1","H3",97.4545454545455,0.4,"HA"
6,5,"best","poisson",88.7272727272727,0.4,"HA"
6,6,"best","poisson",89.0909090909091,0.4,"HA"
6,5,"best","H1",96.1818181818182,0.4,"HA"
6,6,"best","H1",96.3636363636364,0.4,"HA"
6,5,"best","H3",97.0909090909091,0.4,"HA"
6,6,"best","H3",95.2727272727273,0.4,"HA"
6,5,"poisson","H1",89.0909090909091,0.4,"HA"
6,6,"poisson","H1",90,0.4,"HA"
6,5,"poisson","H3",88.9090909090909,0.4,"HA"
6,6,"poisson","H3",90,0.4,"HA"
6,5,"H1","H3",98.5454545454545,0.4,"HA"
6,6,"H1","H3",96,0.4,"HA"
7,5,"best","poisson",89.6363636363636,0.4,"HA"
7,6,"best","poisson",90.1818181818182,0.4,"HA"
7,5,"best","H1",95.0909090909091,0.4,"HA"
7,6,"best","H1",96.1818181818182,0.4,"HA"
7,5,"best","H3",95.8181818181818,0.4,"HA"
7,6,"best","H3",96.7272727272727,0.4,"HA"
7,5,"poisson","H1",89.6363636363636,0.4,"HA"
7,6,"poisson","H1",90.1818181818182,0.4,"HA"
7,5,"poisson","H3",90.5454545454545,0.4,"HA"
7,6,"poisson","H3",90.3636363636364,0.4,"HA"
7,5,"H1","H3",97.8181818181818,0.4,"HA"
7,6,"H1","H3",97.0909090909091,0.4,"HA"
8,5,"best","poisson",91.6363636363636,0.4,"HA"
8,6,"best","poisson",89.2727272727273,0.4,"HA"
8,5,"best","H1",95.6363636363636,0.4,"HA"
8,6,"best","H1",94.5454545454545,0.4,"HA"
8,5,"best","H3",96.1818181818182,0.4,"HA"
8,6,"best","H3",95.8181818181818,0.4,"HA"
8,5,"poisson","H1",91.6363636363636,0.4,"HA"
8,6,"poisson","H1",88.9090909090909,0.4,"HA"
8,5,"poisson","H3",91.8181818181818,0.4,"HA"
8,6,"poisson","H3",89.2727272727273,0.4,"HA"
8,5,"H1","H3",98.5454545454545,0.4,"HA"
8,6,"H1","H3",97.0909090909091,0.4,"HA"
9,5,"best","poisson",90.9090909090909,0.4,"HA"
9,6,"best","poisson",90.7272727272727,0.4,"HA"
9,5,"best","H1",96.3636363636364,0.4,"HA"
9,6,"best","H1",95.6363636363636,0.4,"HA"
9,5,"best","H3",97.0909090909091,0.4,"HA"
9,6,"best","H3",96,0.4,"HA"
9,5,"poisson","H1",91.2727272727273,0.4,"HA"
9,6,"poisson","H1",91.6363636363636,0.4,"HA"
9,5,"poisson","H3",90.9090909090909,0.4,"HA"
9,6,"poisson","H3",91.2727272727273,0.4,"HA"
9,5,"H1","H3",98.3636363636364,0.4,"HA"
9,6,"H1","H3",98.7272727272727,0.4,"HA"
10,5,"best","poisson",90.7272727272727,0.4,"HA"
10,6,"best","poisson",88.5454545454545,0.4,"HA"
10,5,"best","H1",95.6363636363636,0.4,"HA"
10,6,"best","H1",95.6363636363636,0.4,"HA"
10,5,"best","H3",96.1818181818182,0.4,"HA"
10,6,"best","H3",96.7272727272727,0.4,"HA"
10,5,"poisson","H1",91.2727272727273,0.4,"HA"
10,6,"poisson","H1",89.4545454545455,0.4,"HA"
10,5,"poisson","H3",90.9090909090909,0.4,"HA"
10,6,"poisson","H3",88.5454545454545,0.4,"HA"
10,5,"H1","H3",96.9090909090909,0.4,"HA"
10,6,"H1","H3",96.5454545454545,0.4,"HA"
11,5,"best","poisson",88.5454545454545,0.4,"HA"
11,6,"best","poisson",90.7272727272727,0.4,"HA"
11,5,"best","H1",96.3636363636364,0.4,"HA"
11,6,"best","H1",95.4545454545455,0.4,"HA"
11,5,"best","H3",96.1818181818182,0.4,"HA"
11,6,"best","H3",95.4545454545455,0.4,"HA"
11,5,"poisson","H1",88.9090909090909,0.4,"HA"
11,6,"poisson","H1",92.5454545454545,0.4,"HA"
11,5,"poisson","H3",88.3636363636364,0.4,"HA"
11,6,"poisson","H3",91.4545454545455,0.4,"HA"
11,5,"H1","H3",97.4545454545455,0.4,"HA"
11,6,"H1","H3",98,0.4,"HA"
12,5,"best","poisson",91.2727272727273,0.4,"HA"
12,6,"best","poisson",89.2727272727273,0.4,"HA"
12,5,"best","H1",96,0.4,"HA"
12,6,"best","H1",95.4545454545455,0.4,"HA"
12,5,"best","H3",96.5454545454545,0.4,"HA"
12,6,"best","H3",95.0909090909091,0.4,"HA"
12,5,"poisson","H1",90.3636363636364,0.4,"HA"
12,6,"poisson","H1",90,0.4,"HA"
12,5,"poisson","H3",90.5454545454545,0.4,"HA"
12,6,"poisson","H3",88.9090909090909,0.4,"HA"
12,5,"H1","H3",97.8181818181818,0.4,"HA"
12,6,"H1","H3",96.7272727272727,0.4,"HA"
13,5,"best","poisson",91.6363636363636,0.4,"HA"
13,6,"best","poisson",91.4545454545455,0.4,"HA"
13,5,"best","H1",93.0909090909091,0.4,"HA"
13,6,"best","H1",94.1818181818182,0.4,"HA"
13,5,"best","H3",93.6363636363636,0.4,"HA"
13,6,"best","H3",94.7272727272727,0.4,"HA"
13,5,"poisson","H1",90.1818181818182,0.4,"HA"
13,6,"poisson","H1",89.8181818181818,0.4,"HA"
13,5,"poisson","H3",90.7272727272727,0.4,"HA"
13,6,"poisson","H3",90.3636363636364,0.4,"HA"
13,5,"H1","H3",96.9090909090909,0.4,"HA"
13,6,"H1","H3",97.6363636363636,0.4,"HA"
14,5,"best","poisson",89.8181818181818,0.4,"HA"
14,6,"best","poisson",91.4545454545455,0.4,"HA"
14,5,"best","H1",95.8181818181818,0.4,"HA"
14,6,"best","H1",95.2727272727273,0.4,"HA"
14,5,"best","H3",95.8181818181818,0.4,"HA"
14,6,"best","H3",96.5454545454545,0.4,"HA"
14,5,"poisson","H1",89.6363636363636,0.4,"HA"
14,6,"poisson","H1",92,0.4,"HA"
14,5,"poisson","H3",89.6363636363636,0.4,"HA"
14,6,"poisson","H3",91.4545454545455,0.4,"HA"
14,5,"H1","H3",98,0.4,"HA"
14,6,"H1","H3",97.2727272727273,0.4,"HA"
15,5,"best","poisson",88.3636363636364,0.4,"HA"
15,6,"best","poisson",93.6363636363636,0.4,"HA"
15,5,"best","H1",96.7272727272727,0.4,"HA"
15,6,"best","H1",95.6363636363636,0.4,"HA"
15,5,"best","H3",98,0.4,"HA"
15,6,"best","H3",95.6363636363636,0.4,"HA"
15,5,"poisson","H1",88.9090909090909,0.4,"HA"
15,6,"poisson","H1",93.0909090909091,0.4,"HA"
15,5,"poisson","H3",88.3636363636364,0.4,"HA"
15,6,"poisson","H3",92.3636363636364,0.4,"HA"
15,5,"H1","H3",97.4545454545455,0.4,"HA"
15,6,"H1","H3",98,0.4,"HA"
16,5,"best","poisson",88.3636363636364,0.4,"HA"
16,6,"best","poisson",89.6363636363636,0.4,"HA"
16,5,"best","H1",94.9090909090909,0.4,"HA"
16,6,"best","H1",94.9090909090909,0.4,"HA"
16,5,"best","H3",96,0.4,"HA"
16,6,"best","H3",94.9090909090909,0.4,"HA"
16,5,"poisson","H1",88.9090909090909,0.4,"HA"
16,6,"poisson","H1",89.6363636363636,0.4,"HA"
16,5,"poisson","H3",88.3636363636364,0.4,"HA"
16,6,"poisson","H3",88.9090909090909,0.4,"HA"
16,5,"H1","H3",96.3636363636364,0.4,"HA"
16,6,"H1","H3",96.3636363636364,0.4,"HA"
17,5,"best","poisson",91.2727272727273,0.4,"HA"
17,6,"best","poisson",88.3636363636364,0.4,"HA"
17,5,"best","H1",97.2727272727273,0.4,"HA"
17,6,"best","H1",95.2727272727273,0.4,"HA"
17,5,"best","H3",96.3636363636364,0.4,"HA"
17,6,"best","H3",95.6363636363636,0.4,"HA"
17,5,"poisson","H1",90.9090909090909,0.4,"HA"
17,6,"poisson","H1",88.9090909090909,0.4,"HA"
17,5,"poisson","H3",90.3636363636364,0.4,"HA"
17,6,"poisson","H3",89.0909090909091,0.4,"HA"
17,5,"H1","H3",98.1818181818182,0.4,"HA"
17,6,"H1","H3",97.6363636363636,0.4,"HA"
18,5,"best","poisson",91.4545454545455,0.4,"HA"
18,6,"best","poisson",93.0909090909091,0.4,"HA"
18,5,"best","H1",94.3636363636364,0.4,"HA"
18,6,"best","H1",94.9090909090909,0.4,"HA"
18,5,"best","H3",96.1818181818182,0.4,"HA"
18,6,"best","H3",95.6363636363636,0.4,"HA"
18,5,"poisson","H1",90.9090909090909,0.4,"HA"
18,6,"poisson","H1",92.1818181818182,0.4,"HA"
18,5,"poisson","H3",90.5454545454545,0.4,"HA"
18,6,"poisson","H3",92.7272727272727,0.4,"HA"
18,5,"H1","H3",96.5454545454545,0.4,"HA"
18,6,"H1","H3",97.0909090909091,0.4,"HA"
19,5,"best","poisson",93.2727272727273,0.4,"HA"
19,6,"best","poisson",91.2727272727273,0.4,"HA"
19,5,"best","H1",94.3636363636364,0.4,"HA"
19,6,"best","H1",94.9090909090909,0.4,"HA"
19,5,"best","H3",94.5454545454545,0.4,"HA"
19,6,"best","H3",95.6363636363636,0.4,"HA"
19,5,"poisson","H1",92.3636363636364,0.4,"HA"
19,6,"poisson","H1",88.9090909090909,0.4,"HA"
19,5,"poisson","H3",91.2727272727273,0.4,"HA"
19,6,"poisson","H3",90.5454545454545,0.4,"HA"
19,5,"H1","H3",98.3636363636364,0.4,"HA"
19,6,"H1","H3",96.9090909090909,0.4,"HA"
20,5,"best","poisson",92,0.4,"HA"
20,6,"best","poisson",91.8181818181818,0.4,"HA"
20,5,"best","H1",95.2727272727273,0.4,"HA"
20,6,"best","H1",95.2727272727273,0.4,"HA"
20,5,"best","H3",95.4545454545455,0.4,"HA"
20,6,"best","H3",95.0909090909091,0.4,"HA"
20,5,"poisson","H1",91.2727272727273,0.4,"HA"
20,6,"poisson","H1",90.7272727272727,0.4,"HA"
20,5,"poisson","H3",92.1818181818182,0.4,"HA"
20,6,"poisson","H3",91.4545454545455,0.4,"HA"
20,5,"H1","H3",98,0.4,"HA"
20,6,"H1","H3",97.4545454545455,0.4,"HA"
21,5,"best","poisson",88.3636363636364,0.4,"HA"
21,6,"best","poisson",87.8181818181818,0.4,"HA"
21,5,"best","H1",94.7272727272727,0.4,"HA"
21,6,"best","H1",95.4545454545455,0.4,"HA"
21,5,"best","H3",95.0909090909091,0.4,"HA"
21,6,"best","H3",96.1818181818182,0.4,"HA"
21,5,"poisson","H1",89.2727272727273,0.4,"HA"
21,6,"poisson","H1",87.8181818181818,0.4,"HA"
21,5,"poisson","H3",89.4545454545455,0.4,"HA"
21,6,"poisson","H3",87.8181818181818,0.4,"HA"
21,5,"H1","H3",97.6363636363636,0.4,"HA"
21,6,"H1","H3",97.8181818181818,0.4,"HA"
22,5,"best","poisson",90.5454545454545,0.4,"HA"
22,6,"best","poisson",89.6363636363636,0.4,"HA"
22,5,"best","H1",96.3636363636364,0.4,"HA"
22,6,"best","H1",95.0909090909091,0.4,"HA"
22,5,"best","H3",96,0.4,"HA"
22,6,"best","H3",95.2727272727273,0.4,"HA"
22,5,"poisson","H1",90.5454545454545,0.4,"HA"
22,6,"poisson","H1",90.7272727272727,0.4,"HA"
22,5,"poisson","H3",89.8181818181818,0.4,"HA"
22,6,"poisson","H3",90,0.4,"HA"
22,5,"H1","H3",97.0909090909091,0.4,"HA"
22,6,"H1","H3",97.6363636363636,0.4,"HA"
23,5,"best","poisson",90,0.4,"HA"
23,6,"best","poisson",89.8181818181818,0.4,"HA"
23,5,"best","H1",95.0909090909091,0.4,"HA"
23,6,"best","H1",95.2727272727273,0.4,"HA"
23,5,"best","H3",96,0.4,"HA"
23,6,"best","H3",96.1818181818182,0.4,"HA"
23,5,"poisson","H1",90.1818181818182,0.4,"HA"
23,6,"poisson","H1",89.4545454545455,0.4,"HA"
23,5,"poisson","H3",89.6363636363636,0.4,"HA"
23,6,"poisson","H3",90.1818181818182,0.4,"HA"
23,5,"H1","H3",96.7272727272727,0.4,"HA"
23,6,"H1","H3",97.8181818181818,0.4,"HA"
24,5,"best","poisson",90,0.4,"HA"
24,6,"best","poisson",89.0909090909091,0.4,"HA"
24,5,"best","H1",95.2727272727273,0.4,"HA"
24,6,"best","H1",93.0909090909091,0.4,"HA"
24,5,"best","H3",95.6363636363636,0.4,"HA"
24,6,"best","H3",94.9090909090909,0.4,"HA"
24,5,"poisson","H1",87.8181818181818,0.4,"HA"
24,6,"poisson","H1",90,0.4,"HA"
24,5,"poisson","H3",89.8181818181818,0.4,"HA"
24,6,"poisson","H3",89.8181818181818,0.4,"HA"
24,5,"H1","H3",95.2727272727273,0.4,"HA"
24,6,"H1","H3",95.0909090909091,0.4,"HA"
25,5,"best","poisson",90.5454545454545,0.4,"HA"
25,6,"best","poisson",86.9090909090909,0.4,"HA"
25,5,"best","H1",95.2727272727273,0.4,"HA"
25,6,"best","H1",93.4545454545455,0.4,"HA"
25,5,"best","H3",95.4545454545455,0.4,"HA"
25,6,"best","H3",94.5454545454545,0.4,"HA"
25,5,"poisson","H1",92,0.4,"HA"
25,6,"poisson","H1",87.8181818181818,0.4,"HA"
25,5,"poisson","H3",90.7272727272727,0.4,"HA"
25,6,"poisson","H3",87.2727272727273,0.4,"HA"
25,5,"H1","H3",95.6363636363636,0.4,"HA"
25,6,"H1","H3",96.1818181818182,0.4,"HA"
26,5,"best","poisson",91.4545454545455,0.4,"HA"
26,6,"best","poisson",89.6363636363636,0.4,"HA"
26,5,"best","H1",96.5454545454545,0.4,"HA"
26,6,"best","H1",95.4545454545455,0.4,"HA"
26,5,"best","H3",96.5454545454545,0.4,"HA"
26,6,"best","H3",96.3636363636364,0.4,"HA"
26,5,"poisson","H1",92,0.4,"HA"
26,6,"poisson","H1",90.1818181818182,0.4,"HA"
26,5,"poisson","H3",91.0909090909091,0.4,"HA"
26,6,"poisson","H3",90.3636363636364,0.4,"HA"
26,5,"H1","H3",97.6363636363636,0.4,"HA"
26,6,"H1","H3",97.6363636363636,0.4,"HA"
27,5,"best","poisson",90.1818181818182,0.4,"HA"
27,6,"best","poisson",89.2727272727273,0.4,"HA"
27,5,"best","H1",94.5454545454545,0.4,"HA"
27,6,"best","H1",95.0909090909091,0.4,"HA"
27,5,"best","H3",95.4545454545455,0.4,"HA"
27,6,"best","H3",95.6363636363636,0.4,"HA"
27,5,"poisson","H1",91.6363636363636,0.4,"HA"
27,6,"poisson","H1",88.7272727272727,0.4,"HA"
27,5,"poisson","H3",90.9090909090909,0.4,"HA"
27,6,"poisson","H3",88.3636363636364,0.4,"HA"
27,5,"H1","H3",96.7272727272727,0.4,"HA"
27,6,"H1","H3",95.8181818181818,0.4,"HA"
28,5,"best","poisson",87.4545454545455,0.4,"HA"
28,6,"best","poisson",89.6363636363636,0.4,"HA"
28,5,"best","H1",94.7272727272727,0.4,"HA"
28,6,"best","H1",94.5454545454545,0.4,"HA"
28,5,"best","H3",94.7272727272727,0.4,"HA"
28,6,"best","H3",94.9090909090909,0.4,"HA"
28,5,"poisson","H1",88.1818181818182,0.4,"HA"
28,6,"poisson","H1",89.6363636363636,0.4,"HA"
28,5,"poisson","H3",88.3636363636364,0.4,"HA"
28,6,"poisson","H3",89.8181818181818,0.4,"HA"
28,5,"H1","H3",98,0.4,"HA"
28,6,"H1","H3",98.5454545454545,0.4,"HA"
29,5,"best","poisson",89.6363636363636,0.4,"HA"
29,6,"best","poisson",88.5454545454545,0.4,"HA"
29,5,"best","H1",95.8181818181818,0.4,"HA"
29,6,"best","H1",96.1818181818182,0.4,"HA"
29,5,"best","H3",96.1818181818182,0.4,"HA"
29,6,"best","H3",95.6363636363636,0.4,"HA"
29,5,"poisson","H1",89.0909090909091,0.4,"HA"
29,6,"poisson","H1",88.5454545454545,0.4,"HA"
29,5,"poisson","H3",88.9090909090909,0.4,"HA"
29,6,"poisson","H3",88.3636363636364,0.4,"HA"
29,5,"H1","H3",97.6363636363636,0.4,"HA"
29,6,"H1","H3",97.8181818181818,0.4,"HA"
30,5,"best","poisson",90.7272727272727,0.4,"HA"
30,6,"best","poisson",89.2727272727273,0.4,"HA"
30,5,"best","H1",95.2727272727273,0.4,"HA"
30,6,"best","H1",96.3636363636364,0.4,"HA"
30,5,"best","H3",96.5454545454545,0.4,"HA"
30,6,"best","H3",96.5454545454545,0.4,"HA"
30,5,"poisson","H1",92.1818181818182,0.4,"HA"
30,6,"poisson","H1",90,0.4,"HA"
30,5,"poisson","H3",91.2727272727273,0.4,"HA"
30,6,"poisson","H3",89.0909090909091,0.4,"HA"
30,5,"H1","H3",97.4545454545455,0.4,"HA"
30,6,"H1","H3",97.0909090909091,0.4,"HA"
31,5,"best","poisson",91.4545454545455,0.4,"HA"
31,6,"best","poisson",91.6363636363636,0.4,"HA"
31,5,"best","H1",95.6363636363636,0.4,"HA"
31,6,"best","H1",94.7272727272727,0.4,"HA"
31,5,"best","H3",95.4545454545455,0.4,"HA"
31,6,"best","H3",94.9090909090909,0.4,"HA"
31,5,"poisson","H1",91.8181818181818,0.4,"HA"
31,6,"poisson","H1",91.2727272727273,0.4,"HA"
31,5,"poisson","H3",91.6363636363636,0.4,"HA"
31,6,"poisson","H3",91.0909090909091,0.4,"HA"
31,5,"H1","H3",98,0.4,"HA"
31,6,"H1","H3",97.6363636363636,0.4,"HA"
32,5,"best","poisson",92.1818181818182,0.4,"HA"
32,6,"best","poisson",92.3636363636364,0.4,"HA"
32,5,"best","H1",96.1818181818182,0.4,"HA"
32,6,"best","H1",96.3636363636364,0.4,"HA"
32,5,"best","H3",96,0.4,"HA"
32,6,"best","H3",97.0909090909091,0.4,"HA"
32,5,"poisson","H1",91.6363636363636,0.4,"HA"
32,6,"poisson","H1",91.6363636363636,0.4,"HA"
32,5,"poisson","H3",92,0.4,"HA"
32,6,"poisson","H3",91.8181818181818,0.4,"HA"
32,5,"H1","H3",98.3636363636364,0.4,"HA"
32,6,"H1","H3",99.0909090909091,0.4,"HA"
33,5,"best","poisson",90.9090909090909,0.4,"HA"
33,6,"best","poisson",91.8181818181818,0.4,"HA"
33,5,"best","H1",96,0.4,"HA"
33,6,"best","H1",95.4545454545455,0.4,"HA"
33,5,"best","H3",96.7272727272727,0.4,"HA"
33,6,"best","H3",96.7272727272727,0.4,"HA"
33,5,"poisson","H1",92.3636363636364,0.4,"HA"
33,6,"poisson","H1",91.6363636363636,0.4,"HA"
33,5,"poisson","H3",91.6363636363636,0.4,"HA"
33,6,"poisson","H3",92,0.4,"HA"
33,5,"H1","H3",96.9090909090909,0.4,"HA"
33,6,"H1","H3",98,0.4,"HA"
34,5,"best","poisson",90.3636363636364,0.4,"HA"
34,6,"best","poisson",87.6363636363636,0.4,"HA"
34,5,"best","H1",95.8181818181818,0.4,"HA"
34,6,"best","H1",94.1818181818182,0.4,"HA"
34,5,"best","H3",96.3636363636364,0.4,"HA"
34,6,"best","H3",93.8181818181818,0.4,"HA"
34,5,"poisson","H1",92.9090909090909,0.4,"HA"
34,6,"poisson","H1",90,0.4,"HA"
34,5,"poisson","H3",91.8181818181818,0.4,"HA"
34,6,"poisson","H3",90.5454545454545,0.4,"HA"
34,5,"H1","H3",97.6363636363636,0.4,"HA"
34,6,"H1","H3",96.5454545454545,0.4,"HA"
35,5,"best","poisson",90.7272727272727,0.4,"HA"
35,6,"best","poisson",88.1818181818182,0.4,"HA"
35,5,"best","H1",95.0909090909091,0.4,"HA"
35,6,"best","H1",93.2727272727273,0.4,"HA"
35,5,"best","H3",95.2727272727273,0.4,"HA"
35,6,"best","H3",94.5454545454545,0.4,"HA"
35,5,"poisson","H1",89.4545454545455,0.4,"HA"
35,6,"poisson","H1",86.9090909090909,0.4,"HA"
35,5,"poisson","H3",90.3636363636364,0.4,"HA"
35,6,"poisson","H3",87.8181818181818,0.4,"HA"
35,5,"H1","H3",97.2727272727273,0.4,"HA"
35,6,"H1","H3",96,0.4,"HA"
36,5,"best","poisson",91.2727272727273,0.4,"HA"
36,6,"best","poisson",93.0909090909091,0.4,"HA"
36,5,"best","H1",96.7272727272727,0.4,"HA"
36,6,"best","H1",95.6363636363636,0.4,"HA"
36,5,"best","H3",96.1818181818182,0.4,"HA"
36,6,"best","H3",96.1818181818182,0.4,"HA"
36,5,"poisson","H1",91.8181818181818,0.4,"HA"
36,6,"poisson","H1",93.4545454545455,0.4,"HA"
36,5,"poisson","H3",91.6363636363636,0.4,"HA"
36,6,"poisson","H3",92.9090909090909,0.4,"HA"
36,5,"H1","H3",97.8181818181818,0.4,"HA"
36,6,"H1","H3",97.8181818181818,0.4,"HA"
37,5,"best","poisson",89.6363636363636,0.4,"HA"
37,6,"best","poisson",88,0.4,"HA"
37,5,"best","H1",95.6363636363636,0.4,"HA"
37,6,"best","H1",95.4545454545455,0.4,"HA"
37,5,"best","H3",95.2727272727273,0.4,"HA"
37,6,"best","H3",95.4545454545455,0.4,"HA"
37,5,"poisson","H1",89.6363636363636,0.4,"HA"
37,6,"poisson","H1",88.7272727272727,0.4,"HA"
37,5,"poisson","H3",89.2727272727273,0.4,"HA"
37,6,"poisson","H3",88.1818181818182,0.4,"HA"
37,5,"H1","H3",97.6363636363636,0.4,"HA"
37,6,"H1","H3",97.8181818181818,0.4,"HA"
38,5,"best","poisson",90.9090909090909,0.4,"HA"
38,6,"best","poisson",90.7272727272727,0.4,"HA"
38,5,"best","H1",96,0.4,"HA"
38,6,"best","H1",96,0.4,"HA"
38,5,"best","H3",95.8181818181818,0.4,"HA"
38,6,"best","H3",96,0.4,"HA"
38,5,"poisson","H1",89.4545454545455,0.4,"HA"
38,6,"poisson","H1",90.9090909090909,0.4,"HA"
38,5,"poisson","H3",90,0.4,"HA"
38,6,"poisson","H3",90.9090909090909,0.4,"HA"
38,5,"H1","H3",97.8181818181818,0.4,"HA"
38,6,"H1","H3",98.3636363636364,0.4,"HA"
39,5,"best","poisson",91.2727272727273,0.4,"HA"
39,6,"best","poisson",90.7272727272727,0.4,"HA"
39,5,"best","H1",95.6363636363636,0.4,"HA"
39,6,"best","H1",95.6363636363636,0.4,"HA"
39,5,"best","H3",95.0909090909091,0.4,"HA"
39,6,"best","H3",96,0.4,"HA"
39,5,"poisson","H1",90,0.4,"HA"
39,6,"poisson","H1",90,0.4,"HA"
39,5,"poisson","H3",89.8181818181818,0.4,"HA"
39,6,"poisson","H3",90.5454545454545,0.4,"HA"
39,5,"H1","H3",97.8181818181818,0.4,"HA"
39,6,"H1","H3",97.8181818181818,0.4,"HA"
40,5,"best","poisson",88.5454545454545,0.4,"HA"
40,6,"best","poisson",87.4545454545455,0.4,"HA"
40,5,"best","H1",94.3636363636364,0.4,"HA"
40,6,"best","H1",93.6363636363636,0.4,"HA"
40,5,"best","H3",95.2727272727273,0.4,"HA"
40,6,"best","H3",94.3636363636364,0.4,"HA"
40,5,"poisson","H1",88.5454545454545,0.4,"HA"
40,6,"poisson","H1",86,0.4,"HA"
40,5,"poisson","H3",88.9090909090909,0.4,"HA"
40,6,"poisson","H3",85.6363636363636,0.4,"HA"
40,5,"H1","H3",98,0.4,"HA"
40,6,"H1","H3",96.1818181818182,0.4,"HA"
41,5,"best","poisson",88.1818181818182,0.4,"HA"
41,6,"best","poisson",88.5454545454545,0.4,"HA"
41,5,"best","H1",93.2727272727273,0.4,"HA"
41,6,"best","H1",93.8181818181818,0.4,"HA"
41,5,"best","H3",95.0909090909091,0.4,"HA"
41,6,"best","H3",94.5454545454545,0.4,"HA"
41,5,"poisson","H1",89.6363636363636,0.4,"HA"
41,6,"poisson","H1",87.8181818181818,0.4,"HA"
41,5,"poisson","H3",87.6363636363636,0.4,"HA"
41,6,"poisson","H3",87.6363636363636,0.4,"HA"
41,5,"H1","H3",96.5454545454545,0.4,"HA"
41,6,"H1","H3",95.8181818181818,0.4,"HA"
42,5,"best","poisson",89.2727272727273,0.4,"HA"
42,6,"best","poisson",89.6363636363636,0.4,"HA"
42,5,"best","H1",95.0909090909091,0.4,"HA"
42,6,"best","H1",94.7272727272727,0.4,"HA"
42,5,"best","H3",94.7272727272727,0.4,"HA"
42,6,"best","H3",95.0909090909091,0.4,"HA"
42,5,"poisson","H1",90.1818181818182,0.4,"HA"
42,6,"poisson","H1",89.0909090909091,0.4,"HA"
42,5,"poisson","H3",90.3636363636364,0.4,"HA"
42,6,"poisson","H3",89.2727272727273,0.4,"HA"
42,5,"H1","H3",96.9090909090909,0.4,"HA"
42,6,"H1","H3",97.4545454545455,0.4,"HA"
43,5,"best","poisson",90,0.4,"HA"
43,6,"best","poisson",89.8181818181818,0.4,"HA"
43,5,"best","H1",96.3636363636364,0.4,"HA"
43,6,"best","H1",94.5454545454545,0.4,"HA"
43,5,"best","H3",97.0909090909091,0.4,"HA"
43,6,"best","H3",96.9090909090909,0.4,"HA"
43,5,"poisson","H1",89.8181818181818,0.4,"HA"
43,6,"poisson","H1",90.9090909090909,0.4,"HA"
43,5,"poisson","H3",89.4545454545455,0.4,"HA"
43,6,"poisson","H3",90.5454545454545,0.4,"HA"
43,5,"H1","H3",97.6363636363636,0.4,"HA"
43,6,"H1","H3",96.3636363636364,0.4,"HA"
44,5,"best","poisson",86.9090909090909,0.4,"HA"
44,6,"best","poisson",88.5454545454545,0.4,"HA"
44,5,"best","H1",94.5454545454545,0.4,"HA"
44,6,"best","H1",93.8181818181818,0.4,"HA"
44,5,"best","H3",94.3636363636364,0.4,"HA"
44,6,"best","H3",94.7272727272727,0.4,"HA"
44,5,"poisson","H1",88.1818181818182,0.4,"HA"
44,6,"poisson","H1",88.9090909090909,0.4,"HA"
44,5,"poisson","H3",88.5454545454545,0.4,"HA"
44,6,"poisson","H3",89.2727272727273,0.4,"HA"
44,5,"H1","H3",97.2727272727273,0.4,"HA"
44,6,"H1","H3",97.8181818181818,0.4,"HA"
45,5,"best","poisson",89.0909090909091,0.4,"HA"
45,6,"best","poisson",90.9090909090909,0.4,"HA"
45,5,"best","H1",94.7272727272727,0.4,"HA"
45,6,"best","H1",95.8181818181818,0.4,"HA"
45,5,"best","H3",95.0909090909091,0.4,"HA"
45,6,"best","H3",96.7272727272727,0.4,"HA"
45,5,"poisson","H1",88.9090909090909,0.4,"HA"
45,6,"poisson","H1",91.8181818181818,0.4,"HA"
45,5,"poisson","H3",89.6363636363636,0.4,"HA"
45,6,"poisson","H3",92.5454545454545,0.4,"HA"
45,5,"H1","H3",96.3636363636364,0.4,"HA"
45,6,"H1","H3",97.4545454545455,0.4,"HA"
46,5,"best","poisson",90,0.4,"HA"
46,6,"best","poisson",87.2727272727273,0.4,"HA"
46,5,"best","H1",94.9090909090909,0.4,"HA"
46,6,"best","H1",93.2727272727273,0.4,"HA"
46,5,"best","H3",95.6363636363636,0.4,"HA"
46,6,"best","H3",94.7272727272727,0.4,"HA"
46,5,"poisson","H1",91.4545454545455,0.4,"HA"
46,6,"poisson","H1",88.9090909090909,0.4,"HA"
46,5,"poisson","H3",90.3636363636364,0.4,"HA"
46,6,"poisson","H3",88.5454545454545,0.4,"HA"
46,5,"H1","H3",96.9090909090909,0.4,"HA"
46,6,"H1","H3",96.1818181818182,0.4,"HA"
47,5,"best","poisson",90.9090909090909,0.4,"HA"
47,6,"best","poisson",90.9090909090909,0.4,"HA"
47,5,"best","H1",94,0.4,"HA"
47,6,"best","H1",94.1818181818182,0.4,"HA"
47,5,"best","H3",94.3636363636364,0.4,"HA"
47,6,"best","H3",94,0.4,"HA"
47,5,"poisson","H1",92.7272727272727,0.4,"HA"
47,6,"poisson","H1",91.2727272727273,0.4,"HA"
47,5,"poisson","H3",93.6363636363636,0.4,"HA"
47,6,"poisson","H3",91.4545454545455,0.4,"HA"
47,5,"H1","H3",98,0.4,"HA"
47,6,"H1","H3",96.9090909090909,0.4,"HA"
48,5,"best","poisson",90.3636363636364,0.4,"HA"
48,6,"best","poisson",89.2727272727273,0.4,"HA"
48,5,"best","H1",96.1818181818182,0.4,"HA"
48,6,"best","H1",97.2727272727273,0.4,"HA"
48,5,"best","H3",96.5454545454545,0.4,"HA"
48,6,"best","H3",97.0909090909091,0.4,"HA"
48,5,"poisson","H1",91.0909090909091,0.4,"HA"
48,6,"poisson","H1",89.2727272727273,0.4,"HA"
48,5,"poisson","H3",90.7272727272727,0.4,"HA"
48,6,"poisson","H3",89.8181818181818,0.4,"HA"
48,5,"H1","H3",98.7272727272727,0.4,"HA"
48,6,"H1","H3",98.3636363636364,0.4,"HA"
49,5,"best","poisson",92.3636363636364,0.4,"HA"
49,6,"best","poisson",92.7272727272727,0.4,"HA"
49,5,"best","H1",96.1818181818182,0.4,"HA"
49,6,"best","H1",96.5454545454545,0.4,"HA"
49,5,"best","H3",96.3636363636364,0.4,"HA"
49,6,"best","H3",97.0909090909091,0.4,"HA"
49,5,"poisson","H1",91.8181818181818,0.4,"HA"
49,6,"poisson","H1",92.5454545454545,0.4,"HA"
49,5,"poisson","H3",92.1818181818182,0.4,"HA"
49,6,"poisson","H3",92.9090909090909,0.4,"HA"
49,5,"H1","H3",96.7272727272727,0.4,"HA"
49,6,"H1","H3",98.7272727272727,0.4,"HA"
50,5,"best","poisson",92.1818181818182,0.4,"HA"
50,6,"best","poisson",89.4545454545455,0.4,"HA"
50,5,"best","H1",96.3636363636364,0.4,"HA"
50,6,"best","H1",95.6363636363636,0.4,"HA"
50,5,"best","H3",96.3636363636364,0.4,"HA"
50,6,"best","H3",96.3636363636364,0.4,"HA"
50,5,"poisson","H1",91.2727272727273,0.4,"HA"
50,6,"poisson","H1",88.1818181818182,0.4,"HA"
50,5,"poisson","H3",92,0.4,"HA"
50,6,"poisson","H3",89.0909090909091,0.4,"HA"
50,5,"H1","H3",98.1818181818182,0.4,"HA"
50,6,"H1","H3",98.3636363636364,0.4,"HA"
51,5,"best","poisson",87.0909090909091,0.4,"HA"
51,6,"best","poisson",88.1818181818182,0.4,"HA"
51,5,"best","H1",95.0909090909091,0.4,"HA"
51,6,"best","H1",94.3636363636364,0.4,"HA"
51,5,"best","H3",96.3636363636364,0.4,"HA"
51,6,"best","H3",94.9090909090909,0.4,"HA"
51,5,"poisson","H1",87.0909090909091,0.4,"HA"
51,6,"poisson","H1",89.8181818181818,0.4,"HA"
51,5,"poisson","H3",86.5454545454545,0.4,"HA"
51,6,"poisson","H3",88.5454545454545,0.4,"HA"
51,5,"H1","H3",96.9090909090909,0.4,"HA"
51,6,"H1","H3",96.1818181818182,0.4,"HA"
52,5,"best","poisson",90.3636363636364,0.4,"HA"
52,6,"best","poisson",89.4545454545455,0.4,"HA"
52,5,"best","H1",95.4545454545455,0.4,"HA"
52,6,"best","H1",94.1818181818182,0.4,"HA"
52,5,"best","H3",95.8181818181818,0.4,"HA"
52,6,"best","H3",94.5454545454545,0.4,"HA"
52,5,"poisson","H1",89.8181818181818,0.4,"HA"
52,6,"poisson","H1",88.3636363636364,0.4,"HA"
52,5,"poisson","H3",90.1818181818182,0.4,"HA"
52,6,"poisson","H3",89.2727272727273,0.4,"HA"
52,5,"H1","H3",96.9090909090909,0.4,"HA"
52,6,"H1","H3",96.1818181818182,0.4,"HA"
53,5,"best","poisson",89.6363636363636,0.4,"HA"
53,6,"best","poisson",90.9090909090909,0.4,"HA"
53,5,"best","H1",94.7272727272727,0.4,"HA"
53,6,"best","H1",95.6363636363636,0.4,"HA"
53,5,"best","H3",94.9090909090909,0.4,"HA"
53,6,"best","H3",96.1818181818182,0.4,"HA"
53,5,"poisson","H1",89.2727272727273,0.4,"HA"
53,6,"poisson","H1",91.4545454545455,0.4,"HA"
53,5,"poisson","H3",90.1818181818182,0.4,"HA"
53,6,"poisson","H3",92,0.4,"HA"
53,5,"H1","H3",97.4545454545455,0.4,"HA"
53,6,"H1","H3",98.7272727272727,0.4,"HA"
54,5,"best","poisson",87.2727272727273,0.4,"HA"
54,6,"best","poisson",90,0.4,"HA"
54,5,"best","H1",94.9090909090909,0.4,"HA"
54,6,"best","H1",93.8181818181818,0.4,"HA"
54,5,"best","H3",95.4545454545455,0.4,"HA"
54,6,"best","H3",94.3636363636364,0.4,"HA"
54,5,"poisson","H1",88,0.4,"HA"
54,6,"poisson","H1",90.7272727272727,0.4,"HA"
54,5,"poisson","H3",87.6363636363636,0.4,"HA"
54,6,"poisson","H3",90.5454545454545,0.4,"HA"
54,5,"H1","H3",97.0909090909091,0.4,"HA"
54,6,"H1","H3",96.5454545454545,0.4,"HA"
55,5,"best","poisson",90,0.4,"HA"
55,6,"best","poisson",90.1818181818182,0.4,"HA"
55,5,"best","H1",94.3636363636364,0.4,"HA"
55,6,"best","H1",94.7272727272727,0.4,"HA"
55,5,"best","H3",94.1818181818182,0.4,"HA"
55,6,"best","H3",94.1818181818182,0.4,"HA"
55,5,"poisson","H1",89.4545454545455,0.4,"HA"
55,6,"poisson","H1",90.5454545454545,0.4,"HA"
55,5,"poisson","H3",88.1818181818182,0.4,"HA"
55,6,"poisson","H3",90.3636363636364,0.4,"HA"
55,5,"H1","H3",96.5454545454545,0.4,"HA"
55,6,"H1","H3",97.6363636363636,0.4,"HA"
56,5,"best","poisson",90.1818181818182,0.4,"HA"
56,6,"best","poisson",89.6363636363636,0.4,"HA"
56,5,"best","H1",96.7272727272727,0.4,"HA"
56,6,"best","H1",96.1818181818182,0.4,"HA"
56,5,"best","H3",97.4545454545455,0.4,"HA"
56,6,"best","H3",97.0909090909091,0.4,"HA"
56,5,"poisson","H1",92,0.4,"HA"
56,6,"poisson","H1",89.0909090909091,0.4,"HA"
56,5,"poisson","H3",91.4545454545455,0.4,"HA"
56,6,"poisson","H3",90,0.4,"HA"
56,5,"H1","H3",98.5454545454545,0.4,"HA"
56,6,"H1","H3",97.6363636363636,0.4,"HA"
57,5,"best","poisson",88.5454545454545,0.4,"HA"
57,6,"best","poisson",90,0.4,"HA"
57,5,"best","H1",93.2727272727273,0.4,"HA"
57,6,"best","H1",94.9090909090909,0.4,"HA"
57,5,"best","H3",94.1818181818182,0.4,"HA"
57,6,"best","H3",95.6363636363636,0.4,"HA"
57,5,"poisson","H1",86.9090909090909,0.4,"HA"
57,6,"poisson","H1",89.8181818181818,0.4,"HA"
57,5,"poisson","H3",87.8181818181818,0.4,"HA"
57,6,"poisson","H3",89.6363636363636,0.4,"HA"
57,5,"H1","H3",96,0.4,"HA"
57,6,"H1","H3",98,0.4,"HA"
58,5,"best","poisson",88.1818181818182,0.4,"HA"
58,6,"best","poisson",92.1818181818182,0.4,"HA"
58,5,"best","H1",95.2727272727273,0.4,"HA"
58,6,"best","H1",95.0909090909091,0.4,"HA"
58,5,"best","H3",96,0.4,"HA"
58,6,"best","H3",96.5454545454545,0.4,"HA"
58,5,"poisson","H1",87.6363636363636,0.4,"HA"
58,6,"poisson","H1",89.4545454545455,0.4,"HA"
58,5,"poisson","H3",88.3636363636364,0.4,"HA"
58,6,"poisson","H3",91.8181818181818,0.4,"HA"
58,5,"H1","H3",96.7272727272727,0.4,"HA"
58,6,"H1","H3",97.0909090909091,0.4,"HA"
59,5,"best","poisson",91.2727272727273,0.4,"HA"
59,6,"best","poisson",93.8181818181818,0.4,"HA"
59,5,"best","H1",97.6363636363636,0.4,"HA"
59,6,"best","H1",96.9090909090909,0.4,"HA"
59,5,"best","H3",98,0.4,"HA"
59,6,"best","H3",97.8181818181818,0.4,"HA"
59,5,"poisson","H1",91.2727272727273,0.4,"HA"
59,6,"poisson","H1",93.2727272727273,0.4,"HA"
59,5,"poisson","H3",90.9090909090909,0.4,"HA"
59,6,"poisson","H3",93.2727272727273,0.4,"HA"
59,5,"H1","H3",99.0909090909091,0.4,"HA"
59,6,"H1","H3",98.3636363636364,0.4,"HA"
60,5,"best","poisson",91.2727272727273,0.4,"HA"
60,6,"best","poisson",91.8181818181818,0.4,"HA"
60,5,"best","H1",94,0.4,"HA"
60,6,"best","H1",96.5454545454545,0.4,"HA"
60,5,"best","H3",95.0909090909091,0.4,"HA"
60,6,"best","H3",96,0.4,"HA"
60,5,"poisson","H1",89.4545454545455,0.4,"HA"
60,6,"poisson","H1",90.9090909090909,0.4,"HA"
60,5,"poisson","H3",90.1818181818182,0.4,"HA"
60,6,"poisson","H3",90.7272727272727,0.4,"HA"
60,5,"H1","H3",98.3636363636364,0.4,"HA"
60,6,"H1","H3",97.8181818181818,0.4,"HA"
61,5,"best","poisson",89.2727272727273,0.4,"HA"
61,6,"best","poisson",88.3636363636364,0.4,"HA"
61,5,"best","H1",94.5454545454545,0.4,"HA"
61,6,"best","H1",95.8181818181818,0.4,"HA"
61,5,"best","H3",95.2727272727273,0.4,"HA"
61,6,"best","H3",96,0.4,"HA"
61,5,"poisson","H1",88,0.4,"HA"
61,6,"poisson","H1",87.8181818181818,0.4,"HA"
61,5,"poisson","H3",88.7272727272727,0.4,"HA"
61,6,"poisson","H3",87.4545454545455,0.4,"HA"
61,5,"H1","H3",95.4545454545455,0.4,"HA"
61,6,"H1","H3",95.8181818181818,0.4,"HA"
62,5,"best","poisson",90.7272727272727,0.4,"HA"
62,6,"best","poisson",91.8181818181818,0.4,"HA"
62,5,"best","H1",95.0909090909091,0.4,"HA"
62,6,"best","H1",94.7272727272727,0.4,"HA"
62,5,"best","H3",95.6363636363636,0.4,"HA"
62,6,"best","H3",95.0909090909091,0.4,"HA"
62,5,"poisson","H1",90.3636363636364,0.4,"HA"
62,6,"poisson","H1",93.0909090909091,0.4,"HA"
62,5,"poisson","H3",90.5454545454545,0.4,"HA"
62,6,"poisson","H3",92.3636363636364,0.4,"HA"
62,5,"H1","H3",97.6363636363636,0.4,"HA"
62,6,"H1","H3",97.8181818181818,0.4,"HA"
63,5,"best","poisson",88.3636363636364,0.4,"HA"
63,6,"best","poisson",89.6363636363636,0.4,"HA"
63,5,"best","H1",95.2727272727273,0.4,"HA"
63,6,"best","H1",96.7272727272727,0.4,"HA"
63,5,"best","H3",94.7272727272727,0.4,"HA"
63,6,"best","H3",96.1818181818182,0.4,"HA"
63,5,"poisson","H1",88,0.4,"HA"
63,6,"poisson","H1",89.4545454545455,0.4,"HA"
63,5,"poisson","H3",89.4545454545455,0.4,"HA"
63,6,"poisson","H3",89.6363636363636,0.4,"HA"
63,5,"H1","H3",96.1818181818182,0.4,"HA"
63,6,"H1","H3",97.2727272727273,0.4,"HA"
64,5,"best","poisson",90.5454545454545,0.4,"HA"
64,6,"best","poisson",89.2727272727273,0.4,"HA"
64,5,"best","H1",96.5454545454545,0.4,"HA"
64,6,"best","H1",95.0909090909091,0.4,"HA"
64,5,"best","H3",97.2727272727273,0.4,"HA"
64,6,"best","H3",95.6363636363636,0.4,"HA"
64,5,"poisson","H1",91.4545454545455,0.4,"HA"
64,6,"poisson","H1",88.9090909090909,0.4,"HA"
64,5,"poisson","H3",91.4545454545455,0.4,"HA"
64,6,"poisson","H3",90,0.4,"HA"
64,5,"H1","H3",97.8181818181818,0.4,"HA"
64,6,"H1","H3",96.3636363636364,0.4,"HA"
65,5,"best","poisson",88.1818181818182,0.4,"HA"
65,6,"best","poisson",88.3636363636364,0.4,"HA"
65,5,"best","H1",94.1818181818182,0.4,"HA"
65,6,"best","H1",96.3636363636364,0.4,"HA"
65,5,"best","H3",94.9090909090909,0.4,"HA"
65,6,"best","H3",96.3636363636364,0.4,"HA"
65,5,"poisson","H1",87.4545454545455,0.4,"HA"
65,6,"poisson","H1",88.9090909090909,0.4,"HA"
65,5,"poisson","H3",88.1818181818182,0.4,"HA"
65,6,"poisson","H3",88.3636363636364,0.4,"HA"
65,5,"H1","H3",97.0909090909091,0.4,"HA"
65,6,"H1","H3",97.8181818181818,0.4,"HA"
66,5,"best","poisson",88.7272727272727,0.4,"HA"
66,6,"best","poisson",90,0.4,"HA"
66,5,"best","H1",94.3636363636364,0.4,"HA"
66,6,"best","H1",94.9090909090909,0.4,"HA"
66,5,"best","H3",95.4545454545455,0.4,"HA"
66,6,"best","H3",96.3636363636364,0.4,"HA"
66,5,"poisson","H1",86.9090909090909,0.4,"HA"
66,6,"poisson","H1",89.6363636363636,0.4,"HA"
66,5,"poisson","H3",87.4545454545455,0.4,"HA"
66,6,"poisson","H3",89.8181818181818,0.4,"HA"
66,5,"H1","H3",96.7272727272727,0.4,"HA"
66,6,"H1","H3",97.4545454545455,0.4,"HA"
67,5,"best","poisson",89.2727272727273,0.4,"HA"
67,6,"best","poisson",89.8181818181818,0.4,"HA"
67,5,"best","H1",94.9090909090909,0.4,"HA"
67,6,"best","H1",96,0.4,"HA"
67,5,"best","H3",95.2727272727273,0.4,"HA"
67,6,"best","H3",96.1818181818182,0.4,"HA"
67,5,"poisson","H1",90.5454545454545,0.4,"HA"
67,6,"poisson","H1",90,0.4,"HA"
67,5,"poisson","H3",89.8181818181818,0.4,"HA"
67,6,"poisson","H3",89.4545454545455,0.4,"HA"
67,5,"H1","H3",97.0909090909091,0.4,"HA"
67,6,"H1","H3",97.2727272727273,0.4,"HA"
68,5,"best","poisson",89.0909090909091,0.4,"HA"
68,6,"best","poisson",90.5454545454545,0.4,"HA"
68,5,"best","H1",93.8181818181818,0.4,"HA"
68,6,"best","H1",94.5454545454545,0.4,"HA"
68,5,"best","H3",95.0909090909091,0.4,"HA"
68,6,"best","H3",96.3636363636364,0.4,"HA"
68,5,"poisson","H1",88.5454545454545,0.4,"HA"
68,6,"poisson","H1",90.3636363636364,0.4,"HA"
68,5,"poisson","H3",89.2727272727273,0.4,"HA"
68,6,"poisson","H3",90.1818181818182,0.4,"HA"
68,5,"H1","H3",96.7272727272727,0.4,"HA"
68,6,"H1","H3",97.4545454545455,0.4,"HA"
69,5,"best","poisson",90.9090909090909,0.4,"HA"
69,6,"best","poisson",91.8181818181818,0.4,"HA"
69,5,"best","H1",94.3636363636364,0.4,"HA"
69,6,"best","H1",94.7272727272727,0.4,"HA"
69,5,"best","H3",96,0.4,"HA"
69,6,"best","H3",95.4545454545455,0.4,"HA"
69,5,"poisson","H1",90.5454545454545,0.4,"HA"
69,6,"poisson","H1",89.2727272727273,0.4,"HA"
69,5,"poisson","H3",90.7272727272727,0.4,"HA"
69,6,"poisson","H3",90.1818181818182,0.4,"HA"
69,5,"H1","H3",96.3636363636364,0.4,"HA"
69,6,"H1","H3",96.1818181818182,0.4,"HA"
70,5,"best","poisson",91.0909090909091,0.4,"HA"
70,6,"best","poisson",87.0909090909091,0.4,"HA"
70,5,"best","H1",95.8181818181818,0.4,"HA"
70,6,"best","H1",95.2727272727273,0.4,"HA"
70,5,"best","H3",95.4545454545455,0.4,"HA"
70,6,"best","H3",95.6363636363636,0.4,"HA"
70,5,"poisson","H1",91.2727272727273,0.4,"HA"
70,6,"poisson","H1",87.4545454545455,0.4,"HA"
70,5,"poisson","H3",90.5454545454545,0.4,"HA"
70,6,"poisson","H3",86.3636363636364,0.4,"HA"
70,5,"H1","H3",98,0.4,"HA"
70,6,"H1","H3",98.3636363636364,0.4,"HA"
71,5,"best","poisson",88.3636363636364,0.4,"HA"
71,6,"best","poisson",89.2727272727273,0.4,"HA"
71,5,"best","H1",95.2727272727273,0.4,"HA"
71,6,"best","H1",95.0909090909091,0.4,"HA"
71,5,"best","H3",95.0909090909091,0.4,"HA"
71,6,"best","H3",95.2727272727273,0.4,"HA"
71,5,"poisson","H1",87.8181818181818,0.4,"HA"
71,6,"poisson","H1",89.0909090909091,0.4,"HA"
71,5,"poisson","H3",88.5454545454545,0.4,"HA"
71,6,"poisson","H3",89.4545454545455,0.4,"HA"
71,5,"H1","H3",98.1818181818182,0.4,"HA"
71,6,"H1","H3",97.2727272727273,0.4,"HA"
72,5,"best","poisson",90.3636363636364,0.4,"HA"
72,6,"best","poisson",90.1818181818182,0.4,"HA"
72,5,"best","H1",94.7272727272727,0.4,"HA"
72,6,"best","H1",96,0.4,"HA"
72,5,"best","H3",95.2727272727273,0.4,"HA"
72,6,"best","H3",96.5454545454545,0.4,"HA"
72,5,"poisson","H1",92.1818181818182,0.4,"HA"
72,6,"poisson","H1",91.6363636363636,0.4,"HA"
72,5,"poisson","H3",92,0.4,"HA"
72,6,"poisson","H3",91.2727272727273,0.4,"HA"
72,5,"H1","H3",98,0.4,"HA"
72,6,"H1","H3",98.7272727272727,0.4,"HA"
73,5,"best","poisson",89.6363636363636,0.4,"HA"
73,6,"best","poisson",88.7272727272727,0.4,"HA"
73,5,"best","H1",95.8181818181818,0.4,"HA"
73,6,"best","H1",94.5454545454545,0.4,"HA"
73,5,"best","H3",96.3636363636364,0.4,"HA"
73,6,"best","H3",95.4545454545455,0.4,"HA"
73,5,"poisson","H1",89.6363636363636,0.4,"HA"
73,6,"poisson","H1",87.8181818181818,0.4,"HA"
73,5,"poisson","H3",89.2727272727273,0.4,"HA"
73,6,"poisson","H3",88.3636363636364,0.4,"HA"
73,5,"H1","H3",97.0909090909091,0.4,"HA"
73,6,"H1","H3",96.5454545454545,0.4,"HA"
74,5,"best","poisson",89.8181818181818,0.4,"HA"
74,6,"best","poisson",88.9090909090909,0.4,"HA"
74,5,"best","H1",94.5454545454545,0.4,"HA"
74,6,"best","H1",95.0909090909091,0.4,"HA"
74,5,"best","H3",95.6363636363636,0.4,"HA"
74,6,"best","H3",95.6363636363636,0.4,"HA"
74,5,"poisson","H1",89.8181818181818,0.4,"HA"
74,6,"poisson","H1",88.3636363636364,0.4,"HA"
74,5,"poisson","H3",91.2727272727273,0.4,"HA"
74,6,"poisson","H3",88.7272727272727,0.4,"HA"
74,5,"H1","H3",96.1818181818182,0.4,"HA"
74,6,"H1","H3",97.4545454545455,0.4,"HA"
75,5,"best","poisson",88.3636363636364,0.4,"HA"
75,6,"best","poisson",89.6363636363636,0.4,"HA"
75,5,"best","H1",94.5454545454545,0.4,"HA"
75,6,"best","H1",94.7272727272727,0.4,"HA"
75,5,"best","H3",95.4545454545455,0.4,"HA"
75,6,"best","H3",94.3636363636364,0.4,"HA"
75,5,"poisson","H1",88.9090909090909,0.4,"HA"
75,6,"poisson","H1",90.3636363636364,0.4,"HA"
75,5,"poisson","H3",88.9090909090909,0.4,"HA"
75,6,"poisson","H3",89.8181818181818,0.4,"HA"
75,5,"H1","H3",96.7272727272727,0.4,"HA"
75,6,"H1","H3",97.4545454545455,0.4,"HA"
76,5,"best","poisson",88.7272727272727,0.4,"HA"
76,6,"best","poisson",87.2727272727273,0.4,"HA"
76,5,"best","H1",94.1818181818182,0.4,"HA"
76,6,"best","H1",93.8181818181818,0.4,"HA"
76,5,"best","H3",95.2727272727273,0.4,"HA"
76,6,"best","H3",94.3636363636364,0.4,"HA"
76,5,"poisson","H1",86.7272727272727,0.4,"HA"
76,6,"poisson","H1",87.4545454545455,0.4,"HA"
76,5,"poisson","H3",88.9090909090909,0.4,"HA"
76,6,"poisson","H3",88.9090909090909,0.4,"HA"
76,5,"H1","H3",95.4545454545455,0.4,"HA"
76,6,"H1","H3",94.9090909090909,0.4,"HA"
77,5,"best","poisson",89.2727272727273,0.4,"HA"
77,6,"best","poisson",92.3636363636364,0.4,"HA"
77,5,"best","H1",96.1818181818182,0.4,"HA"
77,6,"best","H1",95.4545454545455,0.4,"HA"
77,5,"best","H3",96.5454545454545,0.4,"HA"
77,6,"best","H3",94.9090909090909,0.4,"HA"
77,5,"poisson","H1",88.7272727272727,0.4,"HA"
77,6,"poisson","H1",93.2727272727273,0.4,"HA"
77,5,"poisson","H3",88.9090909090909,0.4,"HA"
77,6,"poisson","H3",91.8181818181818,0.4,"HA"
77,5,"H1","H3",98.1818181818182,0.4,"HA"
77,6,"H1","H3",97.4545454545455,0.4,"HA"
78,5,"best","poisson",90.7272727272727,0.4,"HA"
78,6,"best","poisson",89.8181818181818,0.4,"HA"
78,5,"best","H1",94.1818181818182,0.4,"HA"
78,6,"best","H1",94.7272727272727,0.4,"HA"
78,5,"best","H3",94.1818181818182,0.4,"HA"
78,6,"best","H3",95.0909090909091,0.4,"HA"
78,5,"poisson","H1",90.5454545454545,0.4,"HA"
78,6,"poisson","H1",88,0.4,"HA"
78,5,"poisson","H3",90.3636363636364,0.4,"HA"
78,6,"poisson","H3",88.3636363636364,0.4,"HA"
78,5,"H1","H3",97.0909090909091,0.4,"HA"
78,6,"H1","H3",97.2727272727273,0.4,"HA"
79,5,"best","poisson",90,0.4,"HA"
79,6,"best","poisson",90.3636363636364,0.4,"HA"
79,5,"best","H1",94.1818181818182,0.4,"HA"
79,6,"best","H1",93.0909090909091,0.4,"HA"
79,5,"best","H3",94.3636363636364,0.4,"HA"
79,6,"best","H3",93.6363636363636,0.4,"HA"
79,5,"poisson","H1",88.9090909090909,0.4,"HA"
79,6,"poisson","H1",90.3636363636364,0.4,"HA"
79,5,"poisson","H3",89.8181818181818,0.4,"HA"
79,6,"poisson","H3",89.0909090909091,0.4,"HA"
79,5,"H1","H3",97.6363636363636,0.4,"HA"
79,6,"H1","H3",96.1818181818182,0.4,"HA"
80,5,"best","poisson",91.0909090909091,0.4,"HA"
80,6,"best","poisson",89.6363636363636,0.4,"HA"
80,5,"best","H1",95.2727272727273,0.4,"HA"
80,6,"best","H1",94.9090909090909,0.4,"HA"
80,5,"best","H3",96.5454545454545,0.4,"HA"
80,6,"best","H3",95.8181818181818,0.4,"HA"
80,5,"poisson","H1",88.7272727272727,0.4,"HA"
80,6,"poisson","H1",89.0909090909091,0.4,"HA"
80,5,"poisson","H3",89.2727272727273,0.4,"HA"
80,6,"poisson","H3",89.0909090909091,0.4,"HA"
80,5,"H1","H3",96.9090909090909,0.4,"HA"
80,6,"H1","H3",96.5454545454545,0.4,"HA"
81,5,"best","poisson",89.6363636363636,0.4,"HA"
81,6,"best","poisson",90.3636363636364,0.4,"HA"
81,5,"best","H1",94.7272727272727,0.4,"HA"
81,6,"best","H1",96,0.4,"HA"
81,5,"best","H3",94.9090909090909,0.4,"HA"
81,6,"best","H3",96.1818181818182,0.4,"HA"
81,5,"poisson","H1",89.8181818181818,0.4,"HA"
81,6,"poisson","H1",89.6363636363636,0.4,"HA"
81,5,"poisson","H3",89.6363636363636,0.4,"HA"
81,6,"poisson","H3",89.8181818181818,0.4,"HA"
81,5,"H1","H3",97.0909090909091,0.4,"HA"
81,6,"H1","H3",97.8181818181818,0.4,"HA"
82,5,"best","poisson",88.5454545454545,0.4,"HA"
82,6,"best","poisson",93.2727272727273,0.4,"HA"
82,5,"best","H1",96.7272727272727,0.4,"HA"
82,6,"best","H1",95.8181818181818,0.4,"HA"
82,5,"best","H3",97.0909090909091,0.4,"HA"
82,6,"best","H3",96.5454545454545,0.4,"HA"
82,5,"poisson","H1",89.4545454545455,0.4,"HA"
82,6,"poisson","H1",94,0.4,"HA"
82,5,"poisson","H3",89.0909090909091,0.4,"HA"
82,6,"poisson","H3",93.0909090909091,0.4,"HA"
82,5,"H1","H3",98.1818181818182,0.4,"HA"
82,6,"H1","H3",97.4545454545455,0.4,"HA"
83,5,"best","poisson",90.7272727272727,0.4,"HA"
83,6,"best","poisson",92.5454545454545,0.4,"HA"
83,5,"best","H1",96.9090909090909,0.4,"HA"
83,6,"best","H1",96.1818181818182,0.4,"HA"
83,5,"best","H3",96.1818181818182,0.4,"HA"
83,6,"best","H3",95.8181818181818,0.4,"HA"
83,5,"poisson","H1",90.5454545454545,0.4,"HA"
83,6,"poisson","H1",92.3636363636364,0.4,"HA"
83,5,"poisson","H3",91.6363636363636,0.4,"HA"
83,6,"poisson","H3",92.7272727272727,0.4,"HA"
83,5,"H1","H3",97.6363636363636,0.4,"HA"
83,6,"H1","H3",98,0.4,"HA"
84,5,"best","poisson",90.7272727272727,0.4,"HA"
84,6,"best","poisson",89.8181818181818,0.4,"HA"
84,5,"best","H1",95.4545454545455,0.4,"HA"
84,6,"best","H1",94.5454545454545,0.4,"HA"
84,5,"best","H3",95.8181818181818,0.4,"HA"
84,6,"best","H3",95.4545454545455,0.4,"HA"
84,5,"poisson","H1",91.8181818181818,0.4,"HA"
84,6,"poisson","H1",89.8181818181818,0.4,"HA"
84,5,"poisson","H3",91.8181818181818,0.4,"HA"
84,6,"poisson","H3",90.3636363636364,0.4,"HA"
84,5,"H1","H3",98,0.4,"HA"
84,6,"H1","H3",97.0909090909091,0.4,"HA"
85,5,"best","poisson",91.0909090909091,0.4,"HA"
85,6,"best","poisson",91.2727272727273,0.4,"HA"
85,5,"best","H1",95.2727272727273,0.4,"HA"
85,6,"best","H1",95.0909090909091,0.4,"HA"
85,5,"best","H3",96.5454545454545,0.4,"HA"
85,6,"best","H3",95.8181818181818,0.4,"HA"
85,5,"poisson","H1",91.6363636363636,0.4,"HA"
85,6,"poisson","H1",90.3636363636364,0.4,"HA"
85,5,"poisson","H3",92,0.4,"HA"
85,6,"poisson","H3",91.2727272727273,0.4,"HA"
85,5,"H1","H3",97.6363636363636,0.4,"HA"
85,6,"H1","H3",97.0909090909091,0.4,"HA"
86,5,"best","poisson",90.1818181818182,0.4,"HA"
86,6,"best","poisson",92.3636363636364,0.4,"HA"
86,5,"best","H1",94.9090909090909,0.4,"HA"
86,6,"best","H1",94.7272727272727,0.4,"HA"
86,5,"best","H3",94.1818181818182,0.4,"HA"
86,6,"best","H3",94.7272727272727,0.4,"HA"
86,5,"poisson","H1",89.4545454545455,0.4,"HA"
86,6,"poisson","H1",90.9090909090909,0.4,"HA"
86,5,"poisson","H3",88.9090909090909,0.4,"HA"
86,6,"poisson","H3",91.4545454545455,0.4,"HA"
86,5,"H1","H3",96.5454545454545,0.4,"HA"
86,6,"H1","H3",97.2727272727273,0.4,"HA"
87,5,"best","poisson",91.6363636363636,0.4,"HA"
87,6,"best","poisson",88.9090909090909,0.4,"HA"
87,5,"best","H1",95.8181818181818,0.4,"HA"
87,6,"best","H1",96.3636363636364,0.4,"HA"
87,5,"best","H3",96.1818181818182,0.4,"HA"
87,6,"best","H3",95.4545454545455,0.4,"HA"
87,5,"poisson","H1",93.0909090909091,0.4,"HA"
87,6,"poisson","H1",89.6363636363636,0.4,"HA"
87,5,"poisson","H3",91.4545454545455,0.4,"HA"
87,6,"poisson","H3",88.7272727272727,0.4,"HA"
87,5,"H1","H3",97.4545454545455,0.4,"HA"
87,6,"H1","H3",97.8181818181818,0.4,"HA"
88,5,"best","poisson",92.7272727272727,0.4,"HA"
88,6,"best","poisson",87.6363636363636,0.4,"HA"
88,5,"best","H1",94.9090909090909,0.4,"HA"
88,6,"best","H1",96.1818181818182,0.4,"HA"
88,5,"best","H3",96.1818181818182,0.4,"HA"
88,6,"best","H3",97.8181818181818,0.4,"HA"
88,5,"poisson","H1",90.5454545454545,0.4,"HA"
88,6,"poisson","H1",86.7272727272727,0.4,"HA"
88,5,"poisson","H3",91.6363636363636,0.4,"HA"
88,6,"poisson","H3",87.6363636363636,0.4,"HA"
88,5,"H1","H3",96.5454545454545,0.4,"HA"
88,6,"H1","H3",97.2727272727273,0.4,"HA"
89,5,"best","poisson",90.9090909090909,0.4,"HA"
89,6,"best","poisson",88.5454545454545,0.4,"HA"
89,5,"best","H1",94.5454545454545,0.4,"HA"
89,6,"best","H1",94.9090909090909,0.4,"HA"
89,5,"best","H3",95.4545454545455,0.4,"HA"
89,6,"best","H3",97.0909090909091,0.4,"HA"
89,5,"poisson","H1",89.2727272727273,0.4,"HA"
89,6,"poisson","H1",86.7272727272727,0.4,"HA"
89,5,"poisson","H3",89.6363636363636,0.4,"HA"
89,6,"poisson","H3",88,0.4,"HA"
89,5,"H1","H3",97.2727272727273,0.4,"HA"
89,6,"H1","H3",97.0909090909091,0.4,"HA"
90,5,"best","poisson",90.7272727272727,0.4,"HA"
90,6,"best","poisson",88.1818181818182,0.4,"HA"
90,5,"best","H1",94.3636363636364,0.4,"HA"
90,6,"best","H1",95.4545454545455,0.4,"HA"
90,5,"best","H3",94.3636363636364,0.4,"HA"
90,6,"best","H3",95.4545454545455,0.4,"HA"
90,5,"poisson","H1",91.2727272727273,0.4,"HA"
90,6,"poisson","H1",89.0909090909091,0.4,"HA"
90,5,"poisson","H3",89.8181818181818,0.4,"HA"
90,6,"poisson","H3",88.3636363636364,0.4,"HA"
90,5,"H1","H3",96.1818181818182,0.4,"HA"
90,6,"H1","H3",96.3636363636364,0.4,"HA"
91,5,"best","poisson",88.9090909090909,0.4,"HA"
91,6,"best","poisson",90.9090909090909,0.4,"HA"
91,5,"best","H1",95.2727272727273,0.4,"HA"
91,6,"best","H1",95.4545454545455,0.4,"HA"
91,5,"best","H3",95.0909090909091,0.4,"HA"
91,6,"best","H3",95.2727272727273,0.4,"HA"
91,5,"poisson","H1",88.5454545454545,0.4,"HA"
91,6,"poisson","H1",89.2727272727273,0.4,"HA"
91,5,"poisson","H3",87.8181818181818,0.4,"HA"
91,6,"poisson","H3",88.7272727272727,0.4,"HA"
91,5,"H1","H3",96.1818181818182,0.4,"HA"
91,6,"H1","H3",96.5454545454545,0.4,"HA"
92,5,"best","poisson",89.4545454545455,0.4,"HA"
92,6,"best","poisson",88.9090909090909,0.4,"HA"
92,5,"best","H1",94,0.4,"HA"
92,6,"best","H1",94.3636363636364,0.4,"HA"
92,5,"best","H3",94.7272727272727,0.4,"HA"
92,6,"best","H3",95.0909090909091,0.4,"HA"
92,5,"poisson","H1",88.5454545454545,0.4,"HA"
92,6,"poisson","H1",87.6363636363636,0.4,"HA"
92,5,"poisson","H3",88.3636363636364,0.4,"HA"
92,6,"poisson","H3",87.4545454545455,0.4,"HA"
92,5,"H1","H3",98,0.4,"HA"
92,6,"H1","H3",97.6363636363636,0.4,"HA"
93,5,"best","poisson",88.1818181818182,0.4,"HA"
93,6,"best","poisson",87.8181818181818,0.4,"HA"
93,5,"best","H1",95.2727272727273,0.4,"HA"
93,6,"best","H1",94,0.4,"HA"
93,5,"best","H3",95.4545454545455,0.4,"HA"
93,6,"best","H3",95.2727272727273,0.4,"HA"
93,5,"poisson","H1",88,0.4,"HA"
93,6,"poisson","H1",86.7272727272727,0.4,"HA"
93,5,"poisson","H3",88.3636363636364,0.4,"HA"
93,6,"poisson","H3",86.3636363636364,0.4,"HA"
93,5,"H1","H3",96.1818181818182,0.4,"HA"
93,6,"H1","H3",95.8181818181818,0.4,"HA"
94,5,"best","poisson",90.1818181818182,0.4,"HA"
94,6,"best","poisson",89.8181818181818,0.4,"HA"
94,5,"best","H1",94.5454545454545,0.4,"HA"
94,6,"best","H1",95.8181818181818,0.4,"HA"
94,5,"best","H3",96.1818181818182,0.4,"HA"
94,6,"best","H3",95.6363636363636,0.4,"HA"
94,5,"poisson","H1",91.6363636363636,0.4,"HA"
94,6,"poisson","H1",90,0.4,"HA"
94,5,"poisson","H3",90.5454545454545,0.4,"HA"
94,6,"poisson","H3",90.1818181818182,0.4,"HA"
94,5,"H1","H3",96.7272727272727,0.4,"HA"
94,6,"H1","H3",96.9090909090909,0.4,"HA"
95,5,"best","poisson",91.6363636363636,0.4,"HA"
95,6,"best","poisson",91.4545454545455,0.4,"HA"
95,5,"best","H1",96.1818181818182,0.4,"HA"
95,6,"best","H1",95.0909090909091,0.4,"HA"
95,5,"best","H3",96.3636363636364,0.4,"HA"
95,6,"best","H3",95.4545454545455,0.4,"HA"
95,5,"poisson","H1",90.9090909090909,0.4,"HA"
95,6,"poisson","H1",91.8181818181818,0.4,"HA"
95,5,"poisson","H3",91.0909090909091,0.4,"HA"
95,6,"poisson","H3",91.0909090909091,0.4,"HA"
95,5,"H1","H3",97.8181818181818,0.4,"HA"
95,6,"H1","H3",97.6363636363636,0.4,"HA"
96,5,"best","poisson",87.6363636363636,0.4,"HA"
96,6,"best","poisson",88.7272727272727,0.4,"HA"
96,5,"best","H1",95.8181818181818,0.4,"HA"
96,6,"best","H1",93.8181818181818,0.4,"HA"
96,5,"best","H3",95.2727272727273,0.4,"HA"
96,6,"best","H3",94.5454545454545,0.4,"HA"
96,5,"poisson","H1",88.3636363636364,0.4,"HA"
96,6,"poisson","H1",88.9090909090909,0.4,"HA"
96,5,"poisson","H3",88.5454545454545,0.4,"HA"
96,6,"poisson","H3",88.1818181818182,0.4,"HA"
96,5,"H1","H3",96.9090909090909,0.4,"HA"
96,6,"H1","H3",96.5454545454545,0.4,"HA"
97,5,"best","poisson",87.4545454545455,0.4,"HA"
97,6,"best","poisson",91.6363636363636,0.4,"HA"
97,5,"best","H1",94.5454545454545,0.4,"HA"
97,6,"best","H1",95.4545454545455,0.4,"HA"
97,5,"best","H3",95.4545454545455,0.4,"HA"
97,6,"best","H3",95.6363636363636,0.4,"HA"
97,5,"poisson","H1",89.0909090909091,0.4,"HA"
97,6,"poisson","H1",91.6363636363636,0.4,"HA"
97,5,"poisson","H3",88.1818181818182,0.4,"HA"
97,6,"poisson","H3",91.4545454545455,0.4,"HA"
97,5,"H1","H3",96.9090909090909,0.4,"HA"
97,6,"H1","H3",97.0909090909091,0.4,"HA"
98,5,"best","poisson",91.0909090909091,0.4,"HA"
98,6,"best","poisson",90.9090909090909,0.4,"HA"
98,5,"best","H1",96.5454545454545,0.4,"HA"
98,6,"best","H1",96,0.4,"HA"
98,5,"best","H3",96.9090909090909,0.4,"HA"
98,6,"best","H3",95.0909090909091,0.4,"HA"
98,5,"poisson","H1",91.4545454545455,0.4,"HA"
98,6,"poisson","H1",90.5454545454545,0.4,"HA"
98,5,"poisson","H3",90.9090909090909,0.4,"HA"
98,6,"poisson","H3",90.3636363636364,0.4,"HA"
98,5,"H1","H3",98.1818181818182,0.4,"HA"
98,6,"H1","H3",97.6363636363636,0.4,"HA"
99,5,"best","poisson",89.6363636363636,0.4,"HA"
99,6,"best","poisson",89.6363636363636,0.4,"HA"
99,5,"best","H1",95.6363636363636,0.4,"HA"
99,6,"best","H1",95.4545454545455,0.4,"HA"
99,5,"best","H3",96.7272727272727,0.4,"HA"
99,6,"best","H3",95.0909090909091,0.4,"HA"
99,5,"poisson","H1",90,0.4,"HA"
99,6,"poisson","H1",89.8181818181818,0.4,"HA"
99,5,"poisson","H3",89.6363636363636,0.4,"HA"
99,6,"poisson","H3",89.8181818181818,0.4,"HA"
99,5,"H1","H3",97.0909090909091,0.4,"HA"
99,6,"H1","H3",96.7272727272727,0.4,"HA"
100,5,"best","poisson",92.3636363636364,0.4,"HA"
100,6,"best","poisson",89.6363636363636,0.4,"HA"
100,5,"best","H1",96.5454545454545,0.4,"HA"
100,6,"best","H1",95.8181818181818,0.4,"HA"
100,5,"best","H3",95.6363636363636,0.4,"HA"
100,6,"best","H3",95.0909090909091,0.4,"HA"
100,5,"poisson","H1",91.4545454545455,0.4,"HA"
100,6,"poisson","H1",88.7272727272727,0.4,"HA"
100,5,"poisson","H3",91.0909090909091,0.4,"HA"
100,6,"poisson","H3",89.2727272727273,0.4,"HA"
100,5,"H1","H3",97.6363636363636,0.4,"HA"
100,6,"H1","H3",98,0.4,"HA"
