Site,P(D|M),Scaler,Pattern,"P*(D|M,rr[1]=0.0018)","P*(D|M,rr[2]=0.0129)","P*(D|M,rr[3]=0.0363)","P*(D|M,rr[4]=0.0728)","P*(D|M,rr[5]=0.1237)","P*(D|M,rr[6]=0.1905)","P*(D|M,rr[7]=0.2757)","P*(D|M,rr[8]=0.3824)","P*(D|M,rr[9]=0.5151)","P*(D|M,rr[10]=0.6805)","P*(D|M,rr[11]=0.8888)","P*(D|M,rr[12]=1.1568)","P*(D|M,rr[13]=1.5147)","P*(D|M,rr[14]=2.0253)","P*(D|M,rr[15]=2.8600)","P*(D|M,rr[16]=5.2627)",Posterior mean,NDistinctStates
1,0.043725,0,0,0.12803,0.122372,0.111346,0.0961122,0.0783695,0.0600255,0.0428592,0.0282334,0.0169137,0.00902787,0.00416615,0.0015867,0.000461503,8.84E-05,7.73E-06,2.30E-08,0.111316,1
2,3.77E-20,0,1,3.83E-40,3.04E-33,1.03E-29,2.23E-27,1.18E-25,2.64E-24,3.27E-23,2.62E-22,1.48E-21,6.36E-21,2.14E-20,5.81E-20,1.26E-19,2.02E-19,1.79E-19,9.11E-21,2.07283,8
3,3.70E-10,0,2,3.68E-18,9.93E-15,5.31E-13,6.83E-12,4.12E-11,1.53E-10,3.94E-10,7.58E-10,1.12E-09,1.27E-09,1.11E-09,7.00E-10,2.93E-10,6.61E-11,4.67E-12,2.56E-15,0.720133,2
4,0.043725,0,0,0.12803,0.122372,0.111346,0.0961122,0.0783695,0.0600255,0.0428592,0.0282334,0.0169137,0.00902787,0.00416615,0.0015867,0.000461503,8.84E-05,7.73E-06,2.30E-08,0.111316,1
5,1.43E-37,0,3,1.36E-94,3.39E-78,1.48E-69,1.03E-63,2.78E-59,1.04E-55,1.04E-52,4.09E-50,7.97E-48,9.08E-46,6.82E-44,3.69E-42,1.54E-40,5.24E-39,1.46E-37,2.14E-36,5.10186,8
6,3.65E-08,0,4,6.70E-12,3.51E-10,2.61E-09,9.51E-09,2.37E-08,4.56E-08,7.19E-08,9.49E-08,1.05E-07,9.68E-08,7.21E-08,4.11E-08,1.62E-08,3.62E-09,2.61E-10,1.47E-13,0.570139,3
7,8.12E-28,0,5,5.00E-62,1.27E-51,3.25E-46,1.47E-42,8.86E-40,1.57E-37,1.22E-35,5.22E-34,1.41E-32,2.64E-31,3.63E-30,3.79E-29,3.04E-28,1.81E-27,6.81E-27,4.02E-27,3.45045,10
8,0.000468973,0,6,4.99E-05,0.000336781,0.000795488,0.00121925,0.00142604,0.00134975,0.00105632,0.00068528,0.000364564,0.000155312,5.09E-05,1.20E-05,1.83E-06,1.44E-07,3.12E-09,2.00E-13,0.195186,2
9,2.03E-06,0,7,3.85E-09,1.86E-07,1.16E-06,3.28E-06,5.76E-06,7.16E-06,6.62E-06,4.63E-06,2.44E-06,9.40E-07,2.54E-07,4.45E-08,4.46E-09,1.98E-10,1.76E-12,7.14E-18,0.25043,3
10,0.0279062,0,8,0.0886265,0.0839528,0.0749638,0.0628266,0.0491592,0.0356584,0.0237496,0.0143356,0.00770147,0.00358927,0.00139787,0.000429703,9.50E-05,1.27E-05,6.72E-07,6.23E-10,0.0935198,1
11,6.38E-09,0,9,4.59E-18,1.29E-14,7.57E-13,1.11E-11,8.06E-11,3.75E-10,1.28E-09,3.41E-09,7.38E-09,1.32E-08,1.92E-08,2.25E-08,1.99E-08,1.16E-08,3.06E-09,2.61E-11,1.17771,4
12,7.06E-06,0,10,1.01E-06,6.67E-06,1.52E-05,2.19E-05,2.35E-05,1.99E-05,1.34E-05,7.24E-06,3.05E-06,9.68E-07,2.19E-07,3.25E-08,2.80E-09,1.11E-10,1.05E-12,9.20E-18,0.158013,2
13,0.0113976,0,11,0.0389725,0.0365541,0.0319731,0.0259485,0.0194186,0.0132897,0.00822547,0.00453459,0.0021801,0.000887047,0.000292262,7.28E-05,1.22E-05,1.11E-06,3.10E-08,5.63E-12,0.0801489,1
14,0.0279062,0,8,0.0886265,0.0839528,0.0749638,0.0628266,0.0491592,0.0356584,0.0237496,0.0143356,0.00770147,0.00358927,0.00139787,0.000429703,9.50E-05,1.27E-05,6.72E-07,6.23E-10,0.0935198,1
15,1.64E-07,0,12,1.38E-10,6.89E-09,4.60E-08,1.43E-07,2.90E-07,4.33E-07,5.06E-07,4.75E-07,3.60E-07,2.19E-07,1.04E-07,3.67E-08,8.81E-09,1.16E-09,4.81E-11,1.22E-14,0.3562,2
16,4.67E-12,0,13,2.02E-21,5.71E-18,3.35E-16,4.95E-15,3.62E-14,1.71E-13,5.98E-13,1.66E-12,3.78E-12,7.25E-12,1.17E-11,1.56E-11,1.65E-11,1.24E-11,4.92E-12,1.16E-13,1.35082,5
17,1.14E-05,0,14,1.80E-08,8.76E-07,5.59E-06,1.62E-05,2.95E-05,3.85E-05,3.78E-05,2.84E-05,1.63E-05,6.93E-06,2.09E-06,4.09E-07,4.52E-08,2.08E-09,1.76E-11,7.66E-17,0.269183,3
18,0.043725,0,0,0.12803,0.122372,0.111346,0.0961122,0.0783695,0.0600255,0.0428592,0.0282334,0.0169137,0.00902787,0.00416615,0.0015867,0.000461503,8.84E-05,7.73E-06,2.30E-08,0.111316,1
19,5.75E-05,0,15,4.48E-06,3.08E-05,7.53E-05,0.000121634,0.000153159,0.000159671,0.000141217,0.000106638,6.84E-05,3.66E-05,1.59E-05,5.30E-06,1.24E-06,1.68E-07,7.71E-09,2.32E-12,0.243023,2
20,0.000174387,0,16,1.34E-05,9.21E-05,0.000225781,0.000366774,0.000464537,0.000487031,0.000432489,0.000326716,0.000208168,0.00010954,4.59E-05,1.44E-05,3.05E-06,3.53E-07,1.26E-08,1.91E-12,0.24196,2
21,0.043725,0,0,0.12803,0.122372,0.111346,0.0961122,0.0783695,0.0600255,0.0428592,0.0282334,0.0169137,0.00902787,0.00416615,0.0015867,0.000461503,8.84E-05,7.73E-06,2.30E-08,0.111316,1
22,0.0246181,0,17,0.0951265,0.0873093,0.0730282,0.0553698,0.037833,0.023131,0.0125415,0.00596086,0.0024449,0.000845965,0.000238285,5.14E-05,7.61E-06,6.16E-07,1.51E-08,1.93E-12,0.0632581,1
23,1.24E-05,0,18,1.06E-08,5.29E-07,3.53E-06,1.10E-05,2.22E-05,3.31E-05,3.86E-05,3.61E-05,2.71E-05,1.62E-05,7.42E-06,2.49E-06,5.44E-07,6.19E-08,1.93E-09,1.78E-13,0.351033,3
24,0.0118133,0,19,0.0354875,0.0338381,0.0306329,0.0262277,0.0211374,0.0159327,0.0111354,0.00712995,0.0041127,0.00208576,0.000896614,0.000308172,7.65E-05,1.12E-05,5.83E-07,4.00E-10,0.104742,1
25,0.0118133,0,19,0.0354875,0.0338381,0.0306329,0.0262277,0.0211374,0.0159327,0.0111354,0.00712995,0.0041127,0.00208576,0.000896614,0.000308172,7.65E-05,1.12E-05,5.83E-07,4.00E-10,0.104742,1
26,7.55E-05,0,20,3.79E-06,2.73E-05,7.28E-05,0.00013134,0.000185693,0.000215347,0.000207624,0.000166144,0.000108989,5.72E-05,2.31E-05,6.76E-06,1.27E-06,1.23E-07,3.40E-09,4.32E-13,0.267488,2
27,0.0224897,0,21,0.0952203,0.0857765,0.0689974,0.0492261,0.0309205,0.0169493,0.00802281,0.00323831,0.00109776,0.000306215,6.80E-05,1.13E-05,1.24E-06,6.81E-08,9.22E-10,2.53E-14,0.0520076,1
28,0.000108512,0,22,1.26E-05,8.48E-05,0.000198389,0.00029947,0.000342365,0.000313709,0.000234773,0.000143381,7.04E-05,2.70E-05,7.69E-06,1.51E-06,1.78E-07,9.59E-09,1.08E-10,1.03E-15,0.181581,2
29,1.77E-24,0,23,7.37E-54,2.37E-44,1.88E-39,3.54E-36,1.01E-33,9.31E-32,3.95E-30,9.57E-29,1.50E-27,1.63E-26,1.29E-25,7.59E-25,3.24E-24,9.29E-24,1.36E-23,1.29E-24,2.48516,9
30,4.63E-14,0,24,2.31E-27,3.36E-22,1.42E-19,7.35E-18,1.28E-16,1.13E-15,6.10E-15,2.25E-14,5.99E-14,1.18E-13,1.73E-13,1.80E-13,1.25E-13,4.79E-14,6.07E-15,5.68E-18,1.06444,7
31,0.000607154,0,25,3.78E-05,0.000262045,0.000652821,0.00108769,0.00142967,0.00157848,0.0015038,0.00124814,0.000900978,0.000558779,0.000290214,0.000120389,3.65E-05,6.70E-06,4.58E-07,4.16E-10,0.286938,2
32,1.74E-22,0,26,1.66E-48,7.16E-40,1.98E-35,1.80E-32,2.91E-30,1.65E-28,4.63E-27,7.71E-26,8.53E-25,6.69E-24,3.85E-23,1.64E-22,5.02E-22,1.01E-21,1.01E-21,5.33E-23,2.22634,8
33,8.85E-23,0,27,1.15E-44,6.57E-37,6.03E-33,2.45E-30,2.02E-28,6.18E-27,9.55E-26,8.81E-25,5.39E-24,2.34E-23,7.56E-23,1.88E-22,3.59E-22,4.71E-22,2.88E-22,4.82E-24,1.87119,7
34,1.47E-19,0,28,7.56E-43,4.62E-35,4.88E-31,2.42E-28,2.56E-26,1.05E-24,2.23E-23,2.92E-22,2.57E-21,1.61E-20,7.39E-20,2.48E-19,5.83E-19,8.57E-19,5.54E-19,1.14E-20,1.97277,7
35,1.13E-05,0,29,8.44E-07,5.81E-06,1.43E-05,2.33E-05,2.96E-05,3.13E-05,2.81E-05,2.16E-05,1.40E-05,7.59E-06,3.29E-06,1.08E-06,2.39E-07,2.95E-08,1.20E-09,4.36E-13,0.248001,2
36,1.52E-17,0,30,1.79E-34,1.93E-28,2.34E-25,2.53E-23,7.96E-22,1.17E-20,1.02E-19,6.03E-19,2.61E-18,8.69E-18,2.26E-17,4.55E-17,6.77E-17,6.56E-17,2.92E-17,5.27E-19,1.65299,4
37,0.043725,0,0,0.12803,0.122372,0.111346,0.0961122,0.0783695,0.0600255,0.0428592,0.0282334,0.0169137,0.00902787,0.00416615,0.0015867,0.000461503,8.84E-05,7.73E-06,2.30E-08,0.111316,1
38,5.50E-05,0,31,3.50E-06,2.43E-05,6.06E-05,0.000101276,0.000133384,0.000147123,0.000139181,0.000113508,7.92E-05,4.62E-05,2.17E-05,7.66E-06,1.80E-06,2.24E-07,8.38E-09,2.68E-12,0.272572,2
39,1.62E-08,0,32,4.90E-14,1.80E-11,3.42E-10,2.19E-09,7.74E-09,1.85E-08,3.30E-08,4.58E-08,5.07E-08,4.49E-08,3.15E-08,1.69E-08,6.46E-09,1.47E-09,1.19E-10,8.18E-14,0.572307,3
40,2.07E-11,0,33,1.67E-19,4.56E-16,2.50E-14,3.33E-13,2.09E-12,8.08E-12,2.17E-11,4.28E-11,6.42E-11,7.33E-11,6.25E-11,3.81E-11,1.49E-11,3.01E-12,1.60E-13,1.82E-17,0.712208,5
41,1.14E-06,0,34,1.58E-07,1.05E-06,2.39E-06,3.47E-06,3.76E-06,3.22E-06,2.22E-06,1.23E-06,5.36E-07,1.80E-07,4.43E-08,7.51E-09,7.91E-10,4.22E-11,5.88E-13,1.20E-17,0.162075,2
42,3.82E-22,0,35,4.70E-44,2.70E-36,2.53E-32,1.06E-29,9.06E-28,2.93E-26,4.81E-25,4.77E-24,3.14E-23,1.45E-22,4.83E-22,1.15E-21,1.86E-21,1.77E-21,6.59E-22,4.29E-24,1.66803,6
43,0.043725,0,0,0.12803,0.122372,0.111346,0.0961122,0.0783695,0.0600255,0.0428592,0.0282334,0.0169137,0.00902787,0.00416615,0.0015867,0.000461503,8.84E-05,7.73E-06,2.30E-08,0.111316,1
44,1.89E-08,0,36,9.75E-14,3.55E-11,6.62E-10,4.09E-09,1.38E-08,3.11E-08,5.10E-08,6.33E-08,6.04E-08,4.38E-08,2.34E-08,8.57E-09,1.90E-09,1.93E-10,4.41E-12,1.34E-16,0.466875,3
45,1.54E-07,0,37,1.16E-10,5.81E-09,3.91E-08,1.23E-07,2.53E-07,3.86E-07,4.64E-07,4.49E-07,3.53E-07,2.23E-07,1.10E-07,4.03E-08,9.94E-09,1.33E-09,5.52E-11,1.42E-14,0.370428,2
46,8.62E-05,0,38,7.01E-06,4.80E-05,0.000116928,0.000187894,0.000234638,0.000241868,0.000210711,0.00015593,9.73E-05,5.01E-05,2.06E-05,6.31E-06,1.30E-06,1.45E-07,5.03E-09,1.30E-12,0.234583,2
47,4.39E-13,0,39,1.16E-28,1.22E-22,1.40E-19,1.38E-17,3.81E-16,4.72E-15,3.30E-14,1.48E-13,4.55E-13,9.98E-13,1.58E-12,1.77E-12,1.34E-12,5.92E-13,9.99E-14,2.74E-16,1.13205,2
48,1.46E-24,0,40,3.94E-50,1.70E-41,4.65E-37,4.15E-34,6.53E-32,3.56E-30,9.38E-29,1.44E-27,1.45E-26,1.01E-25,5.14E-25,1.92E-24,5.11E-24,8.75E-24,6.75E-24,1.47E-25,2.07196,9
49,4.58E-05,0,41,4.93E-06,3.33E-05,7.82E-05,0.0001193,0.000138768,0.000130794,0.000102294,6.68E-05,3.61E-05,1.59E-05,5.47E-06,1.39E-06,2.30E-07,1.91E-08,3.97E-10,1.85E-14,0.196375,2
50,5.89E-05,0,42,8.45E-08,4.12E-06,2.65E-05,7.73E-05,0.000143092,0.000190623,0.00019306,0.000151918,9.30E-05,4.36E-05,1.52E-05,3.67E-06,5.54E-07,4.07E-08,7.44E-10,3.04E-14,0.284528,2
51,0.0246181,0,17,0.0951265,0.0873093,0.0730282,0.0553698,0.037833,0.023131,0.0125415,0.00596086,0.0024449,0.000845965,0.000238285,5.14E-05,7.61E-06,6.16E-07,1.51E-08,1.93E-12,0.0632581,1
52,7.15E-05,0,43,1.01E-05,6.69E-05,0.000152363,0.000220303,0.00023736,0.000201415,0.000136939,7.44E-05,3.17E-05,1.03E-05,2.42E-06,3.86E-07,3.69E-08,1.60E-09,1.39E-11,6.23E-17,0.159331,2
53,0.043725,0,0,0.12803,0.122372,0.111346,0.0961122,0.0783695,0.0600255,0.0428592,0.0282334,0.0169137,0.00902787,0.00416615,0.0015867,0.000461503,8.84E-05,7.73E-06,2.30E-08,0.111316,1
54,1.06E-05,0,44,8.26E-07,5.68E-06,1.39E-05,2.26E-05,2.86E-05,2.99E-05,2.64E-05,1.98E-05,1.24E-05,6.38E-06,2.55E-06,7.40E-07,1.36E-07,1.22E-08,2.96E-10,2.85E-14,0.237781,2
55,4.75E-08,0,45,4.58E-11,2.27E-09,1.50E-08,4.62E-08,9.17E-08,1.34E-07,1.51E-07,1.36E-07,9.69E-08,5.45E-08,2.34E-08,7.30E-09,1.52E-09,1.76E-10,6.69E-12,1.34E-15,0.333392,2
56,0.043725,0,0,0.12803,0.122372,0.111346,0.0961122,0.0783695,0.0600255,0.0428592,0.0282334,0.0169137,0.00902787,0.00416615,0.0015867,0.000461503,8.84E-05,7.73E-06,2.30E-08,0.111316,1
57,0.0224897,0,21,0.0952203,0.0857765,0.0689974,0.0492261,0.0309205,0.0169493,0.00802281,0.00323831,0.00109776,0.000306215,6.80E-05,1.13E-05,1.24E-06,6.81E-08,9.22E-10,2.53E-14,0.0520076,1
58,1.26E-16,0,46,2.34E-28,4.78E-24,7.65E-22,2.18E-20,2.56E-19,1.74E-18,8.08E-18,2.81E-17,7.68E-17,1.70E-16,3.05E-16,4.37E-16,4.80E-16,3.61E-16,1.39E-16,4.03E-18,1.40365,4
59,2.17E-14,0,47,2.14E-24,4.14E-20,5.93E-18,1.42E-16,1.31E-15,6.53E-15,2.06E-14,4.48E-14,7.01E-14,8.02E-14,6.66E-14,3.90E-14,1.49E-14,3.14E-15,2.20E-16,1.38E-19,0.715778,4
60,2.37E-05,0,48,2.56E-06,1.72E-05,4.04E-05,6.15E-05,7.13E-05,6.71E-05,5.26E-05,3.47E-05,1.91E-05,8.72E-06,3.20E-06,8.97E-07,1.73E-07,1.86E-08,6.39E-10,1.47E-13,0.198963,2
61,0.043725,0,0,0.12803,0.122372,0.111346,0.0961122,0.0783695,0.0600255,0.0428592,0.0282334,0.0169137,0.00902787,0.00416615,0.0015867,0.000461503,8.84E-05,7.73E-06,2.30E-08,0.111316,1
62,7.31E-35,0,49,1.18E-82,8.18E-69,1.17E-61,7.55E-57,3.28E-53,2.85E-50,8.54E-48,1.21E-45,9.74E-44,5.14E-42,1.94E-40,5.65E-39,1.34E-37,2.74E-36,5.14E-35,1.11E-33,5.14916,7
63,5.67E-36,0,50,4.93E-78,4.49E-65,2.12E-58,6.05E-54,1.33E-50,6.23E-48,1.04E-45,8.37E-44,3.86E-42,1.16E-40,2.44E-39,3.84E-38,4.68E-37,4.40E-36,2.96E-35,5.63E-35,4.30145,9
64,5.17E-19,0,51,1.30E-38,1.03E-31,3.55E-28,7.78E-26,4.18E-24,9.51E-23,1.19E-21,9.59E-21,5.37E-20,2.20E-19,6.70E-19,1.51E-18,2.40E-18,2.37E-18,1.03E-18,1.50E-20,1.6888,5
65,0.0279062,0,8,0.0886265,0.0839528,0.0749638,0.0628266,0.0491592,0.0356584,0.0237496,0.0143356,0.00770147,0.00358927,0.00139787,0.000429703,9.50E-05,1.27E-05,6.72E-07,6.23E-10,0.0935198,1
66,0.00587243,0,52,0.0206965,0.0193318,0.0167611,0.0134136,0.00983868,0.00655178,0.00391022,0.00205464,0.000927164,0.000346721,0.000101917,2.17E-05,2.91E-06,1.91E-07,3.31E-09,2.12E-13,0.0748549,1
67,3.65E-32,0,53,2.49E-73,1.30E-60,6.22E-54,1.85E-49,4.24E-46,2.08E-43,3.63E-41,2.99E-39,1.39E-37,4.10E-36,8.20E-35,1.17E-33,1.20E-32,8.44E-32,3.37E-31,1.49E-31,3.32008,20
68,8.53E-16,0,54,4.14E-34,4.78E-28,6.65E-25,8.71E-23,3.48E-21,6.71E-20,7.84E-19,6.27E-18,3.68E-17,1.66E-16,5.80E-16,1.58E-15,3.24E-15,4.56E-15,3.32E-15,1.51E-16,1.97273,20
69,9.92E-19,0,55,4.44E-36,4.86E-30,6.05E-27,6.79E-25,2.24E-23,3.50E-22,3.26E-21,2.08E-20,9.75E-20,3.53E-19,1.01E-18,2.26E-18,3.90E-18,4.75E-18,3.23E-18,2.32E-19,1.87952,20
70,2.54E-29,0,56,2.10E-61,4.83E-51,1.03E-45,3.61E-42,1.60E-39,2.04E-37,1.11E-35,3.30E-34,6.10E-33,7.71E-32,7.05E-31,4.81E-30,2.45E-29,8.97E-29,2.01E-28,8.52E-29,3.07423,20
71,1.85E-25,0,57,1.17E-64,2.02E-53,1.27E-47,9.71E-44,8.23E-41,1.89E-38,1.85E-36,9.98E-35,3.52E-33,9.10E-32,1.87E-30,3.24E-29,5.04E-28,7.47E-27,1.16E-25,2.84E-24,5.16004,20
72,2.83E-07,0,58,2.56E-10,1.27E-08,8.45E-08,2.61E-07,5.22E-07,7.69E-07,8.84E-07,8.12E-07,6.00E-07,3.51E-07,1.59E-07,5.21E-08,1.11E-08,1.20E-09,3.42E-11,3.14E-15,0.344343,20
73,5.75E-18,0,59,3.57E-41,2.12E-33,2.12E-29,9.79E-27,9.57E-25,3.64E-23,7.29E-22,9.07E-21,7.74E-20,4.80E-19,2.24E-18,7.83E-18,2.00E-17,3.36E-17,2.69E-17,9.89E-19,2.08333,20
74,6.94E-31,0,60,6.03E-71,7.65E-59,1.35E-52,2.05E-48,2.91E-45,9.98E-43,1.33E-40,9.12E-39,3.79E-37,1.07E-35,2.23E-34,3.58E-33,4.60E-32,4.70E-31,3.50E-30,7.08E-30,4.35049,20
75,1.41E-14,0,61,3.14E-33,2.45E-26,8.07E-23,1.66E-20,8.15E-19,1.65E-17,1.79E-16,1.20E-15,5.40E-15,1.70E-14,3.81E-14,5.95E-14,6.09E-14,3.51E-14,7.44E-15,2.86E-17,1.34439,20
76,9.98E-27,0,62,6.10E-62,1.02E-50,5.97E-45,4.09E-41,2.97E-38,5.53E-36,4.12E-34,1.58E-32,3.65E-31,5.65E-30,6.29E-29,5.29E-28,3.46E-27,1.76E-26,6.46E-26,7.34E-26,3.83712,20
