"model","rep","node","identity","blens","system"
"best","1","5","71.8181818181818",0.8,"HA"
"best","1","6","69.8181818181818",0.8,"HA"
"poisson","1","5","66.5454545454545",0.8,"HA"
"poisson","1","6","65.6363636363636",0.8,"HA"
"H1","1","5","72",0.8,"HA"
"H1","1","6","68.3636363636364",0.8,"HA"
"H3","1","5","71.6363636363636",0.8,"HA"
"H3","1","6","70.9090909090909",0.8,"HA"
"best","2","5","70.3636363636364",0.8,"HA"
"best","2","6","70.5454545454545",0.8,"HA"
"poisson","2","5","67.6363636363636",0.8,"HA"
"poisson","2","6","67.4545454545455",0.8,"HA"
"H1","2","5","71.2727272727273",0.8,"HA"
"H1","2","6","71.2727272727273",0.8,"HA"
"H3","2","5","71.8181818181818",0.8,"HA"
"H3","2","6","70.3636363636364",0.8,"HA"
"best","3","5","72.1818181818182",0.8,"HA"
"best","3","6","70.7272727272727",0.8,"HA"
"poisson","3","5","67.6363636363636",0.8,"HA"
"poisson","3","6","69.6363636363636",0.8,"HA"
"H1","3","5","72.5454545454545",0.8,"HA"
"H1","3","6","70.7272727272727",0.8,"HA"
"H3","3","5","72.9090909090909",0.8,"HA"
"H3","3","6","70.5454545454545",0.8,"HA"
"best","4","5","67.8181818181818",0.8,"HA"
"best","4","6","71.2727272727273",0.8,"HA"
"poisson","4","5","66.7272727272727",0.8,"HA"
"poisson","4","6","67.4545454545455",0.8,"HA"
"H1","4","5","67.0909090909091",0.8,"HA"
"H1","4","6","71.6363636363636",0.8,"HA"
"H3","4","5","66.5454545454545",0.8,"HA"
"H3","4","6","70",0.8,"HA"
"best","5","5","70.5454545454545",0.8,"HA"
"best","5","6","72.5454545454545",0.8,"HA"
"poisson","5","5","69.8181818181818",0.8,"HA"
"poisson","5","6","70.1818181818182",0.8,"HA"
"H1","5","5","72.3636363636364",0.8,"HA"
"H1","5","6","73.0909090909091",0.8,"HA"
"H3","5","5","71.8181818181818",0.8,"HA"
"H3","5","6","72.7272727272727",0.8,"HA"
"best","6","5","69.8181818181818",0.8,"HA"
"best","6","6","75.0909090909091",0.8,"HA"
"poisson","6","5","67.8181818181818",0.8,"HA"
"poisson","6","6","72.7272727272727",0.8,"HA"
"H1","6","5","70",0.8,"HA"
"H1","6","6","75.0909090909091",0.8,"HA"
"H3","6","5","70.9090909090909",0.8,"HA"
"H3","6","6","75.4545454545455",0.8,"HA"
"best","7","5","68.3636363636364",0.8,"HA"
"best","7","6","72.7272727272727",0.8,"HA"
"poisson","7","5","66.7272727272727",0.8,"HA"
"poisson","7","6","71.0909090909091",0.8,"HA"
"H1","7","5","69.2727272727273",0.8,"HA"
"H1","7","6","72.9090909090909",0.8,"HA"
"H3","7","5","69.4545454545455",0.8,"HA"
"H3","7","6","72.9090909090909",0.8,"HA"
"best","8","5","71.0909090909091",0.8,"HA"
"best","8","6","72.7272727272727",0.8,"HA"
"poisson","8","5","70.3636363636364",0.8,"HA"
"poisson","8","6","69.2727272727273",0.8,"HA"
"H1","8","5","72",0.8,"HA"
"H1","8","6","73.4545454545455",0.8,"HA"
"H3","8","5","71.6363636363636",0.8,"HA"
"H3","8","6","72.3636363636364",0.8,"HA"
"best","9","5","71.0909090909091",0.8,"HA"
"best","9","6","69.8181818181818",0.8,"HA"
"poisson","9","5","68.9090909090909",0.8,"HA"
"poisson","9","6","67.8181818181818",0.8,"HA"
"H1","9","5","72",0.8,"HA"
"H1","9","6","69.4545454545455",0.8,"HA"
"H3","9","5","71.6363636363636",0.8,"HA"
"H3","9","6","69.6363636363636",0.8,"HA"
"best","10","5","70.1818181818182",0.8,"HA"
"best","10","6","69.8181818181818",0.8,"HA"
"poisson","10","5","66.1818181818182",0.8,"HA"
"poisson","10","6","68.1818181818182",0.8,"HA"
"H1","10","5","71.0909090909091",0.8,"HA"
"H1","10","6","70.7272727272727",0.8,"HA"
"H3","10","5","70.9090909090909",0.8,"HA"
"H3","10","6","69.8181818181818",0.8,"HA"
"best","11","5","71.0909090909091",0.8,"HA"
"best","11","6","70",0.8,"HA"
"poisson","11","5","68.7272727272727",0.8,"HA"
"poisson","11","6","67.2727272727273",0.8,"HA"
"H1","11","5","72.1818181818182",0.8,"HA"
"H1","11","6","68.9090909090909",0.8,"HA"
"H3","11","5","72.3636363636364",0.8,"HA"
"H3","11","6","68.9090909090909",0.8,"HA"
"best","12","5","70.3636363636364",0.8,"HA"
"best","12","6","71.4545454545455",0.8,"HA"
"poisson","12","5","68",0.8,"HA"
"poisson","12","6","68.9090909090909",0.8,"HA"
"H1","12","5","73.2727272727273",0.8,"HA"
"H1","12","6","70.7272727272727",0.8,"HA"
"H3","12","5","71.4545454545455",0.8,"HA"
"H3","12","6","70.5454545454545",0.8,"HA"
"best","13","5","69.6363636363636",0.8,"HA"
"best","13","6","72",0.8,"HA"
"poisson","13","5","66.1818181818182",0.8,"HA"
"poisson","13","6","69.0909090909091",0.8,"HA"
"H1","13","5","70.5454545454545",0.8,"HA"
"H1","13","6","73.2727272727273",0.8,"HA"
"H3","13","5","70.3636363636364",0.8,"HA"
"H3","13","6","72.3636363636364",0.8,"HA"
"best","14","5","73.4545454545455",0.8,"HA"
"best","14","6","71.8181818181818",0.8,"HA"
"poisson","14","5","71.2727272727273",0.8,"HA"
"poisson","14","6","68.7272727272727",0.8,"HA"
"H1","14","5","74.9090909090909",0.8,"HA"
"H1","14","6","71.8181818181818",0.8,"HA"
"H3","14","5","74.5454545454545",0.8,"HA"
"H3","14","6","71.6363636363636",0.8,"HA"
"best","15","5","71.6363636363636",0.8,"HA"
"best","15","6","72.7272727272727",0.8,"HA"
"poisson","15","5","69.4545454545455",0.8,"HA"
"poisson","15","6","70.7272727272727",0.8,"HA"
"H1","15","5","72",0.8,"HA"
"H1","15","6","72.9090909090909",0.8,"HA"
"H3","15","5","71.6363636363636",0.8,"HA"
"H3","15","6","72.5454545454545",0.8,"HA"
"best","16","5","70.9090909090909",0.8,"HA"
"best","16","6","70.3636363636364",0.8,"HA"
"poisson","16","5","66.3636363636364",0.8,"HA"
"poisson","16","6","67.4545454545455",0.8,"HA"
"H1","16","5","69.6363636363636",0.8,"HA"
"H1","16","6","70.7272727272727",0.8,"HA"
"H3","16","5","70.7272727272727",0.8,"HA"
"H3","16","6","70.7272727272727",0.8,"HA"
"best","17","5","72.3636363636364",0.8,"HA"
"best","17","6","70.5454545454545",0.8,"HA"
"poisson","17","5","70.3636363636364",0.8,"HA"
"poisson","17","6","68",0.8,"HA"
"H1","17","5","72.9090909090909",0.8,"HA"
"H1","17","6","71.2727272727273",0.8,"HA"
"H3","17","5","72.1818181818182",0.8,"HA"
"H3","17","6","71.8181818181818",0.8,"HA"
"best","18","5","68.3636363636364",0.8,"HA"
"best","18","6","67.8181818181818",0.8,"HA"
"poisson","18","5","67.4545454545455",0.8,"HA"
"poisson","18","6","66.7272727272727",0.8,"HA"
"H1","18","5","69.2727272727273",0.8,"HA"
"H1","18","6","69.0909090909091",0.8,"HA"
"H3","18","5","70.9090909090909",0.8,"HA"
"H3","18","6","69.0909090909091",0.8,"HA"
"best","19","5","70.7272727272727",0.8,"HA"
"best","19","6","70",0.8,"HA"
"poisson","19","5","65.0909090909091",0.8,"HA"
"poisson","19","6","68",0.8,"HA"
"H1","19","5","71.0909090909091",0.8,"HA"
"H1","19","6","70.7272727272727",0.8,"HA"
"H3","19","5","70.7272727272727",0.8,"HA"
"H3","19","6","71.4545454545455",0.8,"HA"
"best","20","5","71.0909090909091",0.8,"HA"
"best","20","6","71.8181818181818",0.8,"HA"
"poisson","20","5","68",0.8,"HA"
"poisson","20","6","69.6363636363636",0.8,"HA"
"H1","20","5","71.4545454545455",0.8,"HA"
"H1","20","6","71.6363636363636",0.8,"HA"
"H3","20","5","71.0909090909091",0.8,"HA"
"H3","20","6","71.2727272727273",0.8,"HA"
"best","21","5","70.7272727272727",0.8,"HA"
"best","21","6","70",0.8,"HA"
"poisson","21","5","69.2727272727273",0.8,"HA"
"poisson","21","6","70.3636363636364",0.8,"HA"
"H1","21","5","71.2727272727273",0.8,"HA"
"H1","21","6","71.0909090909091",0.8,"HA"
"H3","21","5","70.9090909090909",0.8,"HA"
"H3","21","6","71.4545454545455",0.8,"HA"
"best","22","5","69.6363636363636",0.8,"HA"
"best","22","6","69.6363636363636",0.8,"HA"
"poisson","22","5","69.2727272727273",0.8,"HA"
"poisson","22","6","68",0.8,"HA"
"H1","22","5","73.2727272727273",0.8,"HA"
"H1","22","6","72",0.8,"HA"
"H3","22","5","71.0909090909091",0.8,"HA"
"H3","22","6","70.5454545454545",0.8,"HA"
"best","23","5","68.1818181818182",0.8,"HA"
"best","23","6","71.6363636363636",0.8,"HA"
"poisson","23","5","67.4545454545455",0.8,"HA"
"poisson","23","6","69.8181818181818",0.8,"HA"
"H1","23","5","71.0909090909091",0.8,"HA"
"H1","23","6","74.3636363636364",0.8,"HA"
"H3","23","5","68.9090909090909",0.8,"HA"
"H3","23","6","74",0.8,"HA"
"best","24","5","69.8181818181818",0.8,"HA"
"best","24","6","69.8181818181818",0.8,"HA"
"poisson","24","5","68.3636363636364",0.8,"HA"
"poisson","24","6","69.8181818181818",0.8,"HA"
"H1","24","5","70.7272727272727",0.8,"HA"
"H1","24","6","71.4545454545455",0.8,"HA"
"H3","24","5","69.6363636363636",0.8,"HA"
"H3","24","6","70.9090909090909",0.8,"HA"
"best","25","5","67.6363636363636",0.8,"HA"
"best","25","6","71.4545454545455",0.8,"HA"
"poisson","25","5","67.2727272727273",0.8,"HA"
"poisson","25","6","69.4545454545455",0.8,"HA"
"H1","25","5","69.6363636363636",0.8,"HA"
"H1","25","6","73.6363636363636",0.8,"HA"
"H3","25","5","69.8181818181818",0.8,"HA"
"H3","25","6","72.3636363636364",0.8,"HA"
"best","26","5","66.5454545454545",0.8,"HA"
"best","26","6","66.5454545454545",0.8,"HA"
"poisson","26","5","65.2727272727273",0.8,"HA"
"poisson","26","6","65.6363636363636",0.8,"HA"
"H1","26","5","66.9090909090909",0.8,"HA"
"H1","26","6","69.0909090909091",0.8,"HA"
"H3","26","5","67.0909090909091",0.8,"HA"
"H3","26","6","68",0.8,"HA"
"best","27","5","69.4545454545455",0.8,"HA"
"best","27","6","67.0909090909091",0.8,"HA"
"poisson","27","5","68.3636363636364",0.8,"HA"
"poisson","27","6","64",0.8,"HA"
"H1","27","5","70.1818181818182",0.8,"HA"
"H1","27","6","66.9090909090909",0.8,"HA"
"H3","27","5","70.3636363636364",0.8,"HA"
"H3","27","6","67.2727272727273",0.8,"HA"
"best","28","5","71.8181818181818",0.8,"HA"
"best","28","6","69.4545454545455",0.8,"HA"
"poisson","28","5","67.4545454545455",0.8,"HA"
"poisson","28","6","68",0.8,"HA"
"H1","28","5","71.4545454545455",0.8,"HA"
"H1","28","6","69.8181818181818",0.8,"HA"
"H3","28","5","72.1818181818182",0.8,"HA"
"H3","28","6","70",0.8,"HA"
"best","29","5","71.8181818181818",0.8,"HA"
"best","29","6","67.6363636363636",0.8,"HA"
"poisson","29","5","69.8181818181818",0.8,"HA"
"poisson","29","6","67.2727272727273",0.8,"HA"
"H1","29","5","72.3636363636364",0.8,"HA"
"H1","29","6","69.0909090909091",0.8,"HA"
"H3","29","5","72.3636363636364",0.8,"HA"
"H3","29","6","68.1818181818182",0.8,"HA"
"best","30","5","70.5454545454545",0.8,"HA"
"best","30","6","69.4545454545455",0.8,"HA"
"poisson","30","5","68.9090909090909",0.8,"HA"
"poisson","30","6","66.3636363636364",0.8,"HA"
"H1","30","5","70.9090909090909",0.8,"HA"
"H1","30","6","71.2727272727273",0.8,"HA"
"H3","30","5","71.2727272727273",0.8,"HA"
"H3","30","6","70.9090909090909",0.8,"HA"
"best","31","5","74",0.8,"HA"
"best","31","6","70.7272727272727",0.8,"HA"
"poisson","31","5","69.2727272727273",0.8,"HA"
"poisson","31","6","66.7272727272727",0.8,"HA"
"H1","31","5","74.7272727272727",0.8,"HA"
"H1","31","6","71.8181818181818",0.8,"HA"
"H3","31","5","74.1818181818182",0.8,"HA"
"H3","31","6","70.7272727272727",0.8,"HA"
"best","32","5","71.6363636363636",0.8,"HA"
"best","32","6","74.3636363636364",0.8,"HA"
"poisson","32","5","68.5454545454545",0.8,"HA"
"poisson","32","6","70.1818181818182",0.8,"HA"
"H1","32","5","71.2727272727273",0.8,"HA"
"H1","32","6","73.8181818181818",0.8,"HA"
"H3","32","5","71.8181818181818",0.8,"HA"
"H3","32","6","74.5454545454545",0.8,"HA"
"best","33","5","68.7272727272727",0.8,"HA"
"best","33","6","71.2727272727273",0.8,"HA"
"poisson","33","5","68",0.8,"HA"
"poisson","33","6","70.3636363636364",0.8,"HA"
"H1","33","5","70.5454545454545",0.8,"HA"
"H1","33","6","74",0.8,"HA"
"H3","33","5","69.2727272727273",0.8,"HA"
"H3","33","6","72.9090909090909",0.8,"HA"
"best","34","5","68",0.8,"HA"
"best","34","6","72.9090909090909",0.8,"HA"
"poisson","34","5","67.8181818181818",0.8,"HA"
"poisson","34","6","68.7272727272727",0.8,"HA"
"H1","34","5","69.0909090909091",0.8,"HA"
"H1","34","6","73.0909090909091",0.8,"HA"
"H3","34","5","68.1818181818182",0.8,"HA"
"H3","34","6","72.1818181818182",0.8,"HA"
"best","35","5","69.8181818181818",0.8,"HA"
"best","35","6","70.9090909090909",0.8,"HA"
"poisson","35","5","69.0909090909091",0.8,"HA"
"poisson","35","6","68.7272727272727",0.8,"HA"
"H1","35","5","71.6363636363636",0.8,"HA"
"H1","35","6","71.6363636363636",0.8,"HA"
"H3","35","5","70.9090909090909",0.8,"HA"
"H3","35","6","70.5454545454545",0.8,"HA"
"best","36","5","70.5454545454545",0.8,"HA"
"best","36","6","70.9090909090909",0.8,"HA"
"poisson","36","5","69.6363636363636",0.8,"HA"
"poisson","36","6","68.3636363636364",0.8,"HA"
"H1","36","5","71.2727272727273",0.8,"HA"
"H1","36","6","71.2727272727273",0.8,"HA"
"H3","36","5","70.1818181818182",0.8,"HA"
"H3","36","6","70.9090909090909",0.8,"HA"
"best","37","5","71.8181818181818",0.8,"HA"
"best","37","6","72.9090909090909",0.8,"HA"
"poisson","37","5","70.7272727272727",0.8,"HA"
"poisson","37","6","71.0909090909091",0.8,"HA"
"H1","37","5","72.1818181818182",0.8,"HA"
"H1","37","6","73.2727272727273",0.8,"HA"
"H3","37","5","72.3636363636364",0.8,"HA"
"H3","37","6","72.7272727272727",0.8,"HA"
"best","38","5","71.2727272727273",0.8,"HA"
"best","38","6","74",0.8,"HA"
"poisson","38","5","69.0909090909091",0.8,"HA"
"poisson","38","6","71.2727272727273",0.8,"HA"
"H1","38","5","71.6363636363636",0.8,"HA"
"H1","38","6","74",0.8,"HA"
"H3","38","5","72.1818181818182",0.8,"HA"
"H3","38","6","73.0909090909091",0.8,"HA"
"best","39","5","70.5454545454545",0.8,"HA"
"best","39","6","70.7272727272727",0.8,"HA"
"poisson","39","5","67.8181818181818",0.8,"HA"
"poisson","39","6","67.6363636363636",0.8,"HA"
"H1","39","5","72",0.8,"HA"
"H1","39","6","72.5454545454545",0.8,"HA"
"H3","39","5","71.8181818181818",0.8,"HA"
"H3","39","6","71.4545454545455",0.8,"HA"
"best","40","5","72.3636363636364",0.8,"HA"
"best","40","6","71.4545454545455",0.8,"HA"
"poisson","40","5","70.1818181818182",0.8,"HA"
"poisson","40","6","69.0909090909091",0.8,"HA"
"H1","40","5","72.7272727272727",0.8,"HA"
"H1","40","6","72.7272727272727",0.8,"HA"
"H3","40","5","72.5454545454545",0.8,"HA"
"H3","40","6","73.0909090909091",0.8,"HA"
"best","41","5","72.9090909090909",0.8,"HA"
"best","41","6","72.5454545454545",0.8,"HA"
"poisson","41","5","68.9090909090909",0.8,"HA"
"poisson","41","6","68.1818181818182",0.8,"HA"
"H1","41","5","72.3636363636364",0.8,"HA"
"H1","41","6","72.5454545454545",0.8,"HA"
"H3","41","5","72.3636363636364",0.8,"HA"
"H3","41","6","72.1818181818182",0.8,"HA"
"best","42","5","68.9090909090909",0.8,"HA"
"best","42","6","69.8181818181818",0.8,"HA"
"poisson","42","5","68.1818181818182",0.8,"HA"
"poisson","42","6","68",0.8,"HA"
"H1","42","5","70.3636363636364",0.8,"HA"
"H1","42","6","70",0.8,"HA"
"H3","42","5","69.6363636363636",0.8,"HA"
"H3","42","6","69.6363636363636",0.8,"HA"
"best","43","5","65.0909090909091",0.8,"HA"
"best","43","6","65.4545454545455",0.8,"HA"
"poisson","43","5","63.8181818181818",0.8,"HA"
"poisson","43","6","65.0909090909091",0.8,"HA"
"H1","43","5","67.0909090909091",0.8,"HA"
"H1","43","6","67.2727272727273",0.8,"HA"
"H3","43","5","64.5454545454545",0.8,"HA"
"H3","43","6","65.8181818181818",0.8,"HA"
"best","44","5","74.3636363636364",0.8,"HA"
"best","44","6","70.9090909090909",0.8,"HA"
"poisson","44","5","71.6363636363636",0.8,"HA"
"poisson","44","6","66.3636363636364",0.8,"HA"
"H1","44","5","74.1818181818182",0.8,"HA"
"H1","44","6","72.1818181818182",0.8,"HA"
"H3","44","5","74.1818181818182",0.8,"HA"
"H3","44","6","70",0.8,"HA"
"best","45","5","69.8181818181818",0.8,"HA"
"best","45","6","72",0.8,"HA"
"poisson","45","5","66.7272727272727",0.8,"HA"
"poisson","45","6","69.4545454545455",0.8,"HA"
"H1","45","5","70.3636363636364",0.8,"HA"
"H1","45","6","72.9090909090909",0.8,"HA"
"H3","45","5","70.3636363636364",0.8,"HA"
"H3","45","6","72.5454545454545",0.8,"HA"
"best","46","5","70.7272727272727",0.8,"HA"
"best","46","6","69.8181818181818",0.8,"HA"
"poisson","46","5","68.9090909090909",0.8,"HA"
"poisson","46","6","66.3636363636364",0.8,"HA"
"H1","46","5","70.1818181818182",0.8,"HA"
"H1","46","6","70.3636363636364",0.8,"HA"
"H3","46","5","70.3636363636364",0.8,"HA"
"H3","46","6","69.2727272727273",0.8,"HA"
"best","47","5","70",0.8,"HA"
"best","47","6","69.6363636363636",0.8,"HA"
"poisson","47","5","69.2727272727273",0.8,"HA"
"poisson","47","6","66.5454545454545",0.8,"HA"
"H1","47","5","71.0909090909091",0.8,"HA"
"H1","47","6","69.8181818181818",0.8,"HA"
"H3","47","5","70.9090909090909",0.8,"HA"
"H3","47","6","69.2727272727273",0.8,"HA"
"best","48","5","73.2727272727273",0.8,"HA"
"best","48","6","70.7272727272727",0.8,"HA"
"poisson","48","5","70.5454545454545",0.8,"HA"
"poisson","48","6","68.7272727272727",0.8,"HA"
"H1","48","5","73.2727272727273",0.8,"HA"
"H1","48","6","71.6363636363636",0.8,"HA"
"H3","48","5","73.6363636363636",0.8,"HA"
"H3","48","6","71.2727272727273",0.8,"HA"
"best","49","5","68.9090909090909",0.8,"HA"
"best","49","6","71.8181818181818",0.8,"HA"
"poisson","49","5","66.9090909090909",0.8,"HA"
"poisson","49","6","68.3636363636364",0.8,"HA"
"H1","49","5","69.6363636363636",0.8,"HA"
"H1","49","6","73.0909090909091",0.8,"HA"
"H3","49","5","69.6363636363636",0.8,"HA"
"H3","49","6","72.7272727272727",0.8,"HA"
"best","50","5","68.3636363636364",0.8,"HA"
"best","50","6","70",0.8,"HA"
"poisson","50","5","65.8181818181818",0.8,"HA"
"poisson","50","6","66.5454545454545",0.8,"HA"
"H1","50","5","69.4545454545455",0.8,"HA"
"H1","50","6","70",0.8,"HA"
"H3","50","5","68.7272727272727",0.8,"HA"
"H3","50","6","70",0.8,"HA"
"best","51","5","70.7272727272727",0.8,"HA"
"best","51","6","73.0909090909091",0.8,"HA"
"poisson","51","5","68.1818181818182",0.8,"HA"
"poisson","51","6","69.4545454545455",0.8,"HA"
"H1","51","5","71.0909090909091",0.8,"HA"
"H1","51","6","72.7272727272727",0.8,"HA"
"H3","51","5","69.0909090909091",0.8,"HA"
"H3","51","6","72.1818181818182",0.8,"HA"
"best","52","5","72.3636363636364",0.8,"HA"
"best","52","6","73.6363636363636",0.8,"HA"
"poisson","52","5","69.2727272727273",0.8,"HA"
"poisson","52","6","71.2727272727273",0.8,"HA"
"H1","52","5","71.6363636363636",0.8,"HA"
"H1","52","6","71.8181818181818",0.8,"HA"
"H3","52","5","73.4545454545455",0.8,"HA"
"H3","52","6","73.2727272727273",0.8,"HA"
"best","53","5","70.1818181818182",0.8,"HA"
"best","53","6","73.0909090909091",0.8,"HA"
"poisson","53","5","65.6363636363636",0.8,"HA"
"poisson","53","6","70",0.8,"HA"
"H1","53","5","70",0.8,"HA"
"H1","53","6","72.1818181818182",0.8,"HA"
"H3","53","5","70.1818181818182",0.8,"HA"
"H3","53","6","71.8181818181818",0.8,"HA"
"best","54","5","69.8181818181818",0.8,"HA"
"best","54","6","69.0909090909091",0.8,"HA"
"poisson","54","5","70",0.8,"HA"
"poisson","54","6","68.5454545454545",0.8,"HA"
"H1","54","5","71.2727272727273",0.8,"HA"
"H1","54","6","69.6363636363636",0.8,"HA"
"H3","54","5","69.6363636363636",0.8,"HA"
"H3","54","6","70.1818181818182",0.8,"HA"
"best","55","5","68.9090909090909",0.8,"HA"
"best","55","6","70.3636363636364",0.8,"HA"
"poisson","55","5","65.4545454545455",0.8,"HA"
"poisson","55","6","67.6363636363636",0.8,"HA"
"H1","55","5","69.6363636363636",0.8,"HA"
"H1","55","6","70.5454545454545",0.8,"HA"
"H3","55","5","68.1818181818182",0.8,"HA"
"H3","55","6","69.4545454545455",0.8,"HA"
"best","56","5","70.9090909090909",0.8,"HA"
"best","56","6","71.0909090909091",0.8,"HA"
"poisson","56","5","69.6363636363636",0.8,"HA"
"poisson","56","6","67.2727272727273",0.8,"HA"
"H1","56","5","73.4545454545455",0.8,"HA"
"H1","56","6","70.5454545454545",0.8,"HA"
"H3","56","5","71.6363636363636",0.8,"HA"
"H3","56","6","71.0909090909091",0.8,"HA"
"best","57","5","68.5454545454545",0.8,"HA"
"best","57","6","71.8181818181818",0.8,"HA"
"poisson","57","5","67.0909090909091",0.8,"HA"
"poisson","57","6","67.6363636363636",0.8,"HA"
"H1","57","5","71.0909090909091",0.8,"HA"
"H1","57","6","73.0909090909091",0.8,"HA"
"H3","57","5","70.7272727272727",0.8,"HA"
"H3","57","6","72",0.8,"HA"
"best","58","5","72.5454545454545",0.8,"HA"
"best","58","6","70.9090909090909",0.8,"HA"
"poisson","58","5","70.1818181818182",0.8,"HA"
"poisson","58","6","68.7272727272727",0.8,"HA"
"H1","58","5","73.0909090909091",0.8,"HA"
"H1","58","6","71.4545454545455",0.8,"HA"
"H3","58","5","72.3636363636364",0.8,"HA"
"H3","58","6","71.6363636363636",0.8,"HA"
"best","59","5","70.9090909090909",0.8,"HA"
"best","59","6","71.6363636363636",0.8,"HA"
"poisson","59","5","67.6363636363636",0.8,"HA"
"poisson","59","6","68.1818181818182",0.8,"HA"
"H1","59","5","71.4545454545455",0.8,"HA"
"H1","59","6","72.3636363636364",0.8,"HA"
"H3","59","5","71.6363636363636",0.8,"HA"
"H3","59","6","72",0.8,"HA"
"best","60","5","67.0909090909091",0.8,"HA"
"best","60","6","71.4545454545455",0.8,"HA"
"poisson","60","5","64.3636363636364",0.8,"HA"
"poisson","60","6","67.6363636363636",0.8,"HA"
"H1","60","5","67.8181818181818",0.8,"HA"
"H1","60","6","72.7272727272727",0.8,"HA"
"H3","60","5","67.2727272727273",0.8,"HA"
"H3","60","6","70.7272727272727",0.8,"HA"
"best","61","5","70.5454545454545",0.8,"HA"
"best","61","6","69.8181818181818",0.8,"HA"
"poisson","61","5","67.4545454545455",0.8,"HA"
"poisson","61","6","66.7272727272727",0.8,"HA"
"H1","61","5","71.2727272727273",0.8,"HA"
"H1","61","6","71.4545454545455",0.8,"HA"
"H3","61","5","70.9090909090909",0.8,"HA"
"H3","61","6","70",0.8,"HA"
"best","62","5","68.1818181818182",0.8,"HA"
"best","62","6","66.9090909090909",0.8,"HA"
"poisson","62","5","66.9090909090909",0.8,"HA"
"poisson","62","6","65.2727272727273",0.8,"HA"
"H1","62","5","70.1818181818182",0.8,"HA"
"H1","62","6","68.1818181818182",0.8,"HA"
"H3","62","5","69.6363636363636",0.8,"HA"
"H3","62","6","67.8181818181818",0.8,"HA"
"best","63","5","68.9090909090909",0.8,"HA"
"best","63","6","68.5454545454545",0.8,"HA"
"poisson","63","5","66.7272727272727",0.8,"HA"
"poisson","63","6","67.8181818181818",0.8,"HA"
"H1","63","5","69.0909090909091",0.8,"HA"
"H1","63","6","71.0909090909091",0.8,"HA"
"H3","63","5","69.4545454545455",0.8,"HA"
"H3","63","6","70.9090909090909",0.8,"HA"
"best","64","5","72.5454545454545",0.8,"HA"
"best","64","6","72.5454545454545",0.8,"HA"
"poisson","64","5","69.8181818181818",0.8,"HA"
"poisson","64","6","69.4545454545455",0.8,"HA"
"H1","64","5","73.4545454545455",0.8,"HA"
"H1","64","6","72.7272727272727",0.8,"HA"
"H3","64","5","72.7272727272727",0.8,"HA"
"H3","64","6","72",0.8,"HA"
"best","65","5","71.4545454545455",0.8,"HA"
"best","65","6","71.4545454545455",0.8,"HA"
"poisson","65","5","69.8181818181818",0.8,"HA"
"poisson","65","6","70",0.8,"HA"
"H1","65","5","70.5454545454545",0.8,"HA"
"H1","65","6","71.6363636363636",0.8,"HA"
"H3","65","5","71.4545454545455",0.8,"HA"
"H3","65","6","70.9090909090909",0.8,"HA"
"best","66","5","70.1818181818182",0.8,"HA"
"best","66","6","72.3636363636364",0.8,"HA"
"poisson","66","5","67.8181818181818",0.8,"HA"
"poisson","66","6","68.5454545454545",0.8,"HA"
"H1","66","5","72.5454545454545",0.8,"HA"
"H1","66","6","72.5454545454545",0.8,"HA"
"H3","66","5","70.5454545454545",0.8,"HA"
"H3","66","6","72.1818181818182",0.8,"HA"
"best","67","5","72.9090909090909",0.8,"HA"
"best","67","6","70.1818181818182",0.8,"HA"
"poisson","67","5","70.9090909090909",0.8,"HA"
"poisson","67","6","68.9090909090909",0.8,"HA"
"H1","67","5","73.8181818181818",0.8,"HA"
"H1","67","6","71.0909090909091",0.8,"HA"
"H3","67","5","74.5454545454545",0.8,"HA"
"H3","67","6","70.7272727272727",0.8,"HA"
"best","68","5","69.4545454545455",0.8,"HA"
"best","68","6","67.8181818181818",0.8,"HA"
"poisson","68","5","68",0.8,"HA"
"poisson","68","6","66.7272727272727",0.8,"HA"
"H1","68","5","70.1818181818182",0.8,"HA"
"H1","68","6","68.3636363636364",0.8,"HA"
"H3","68","5","70",0.8,"HA"
"H3","68","6","66.7272727272727",0.8,"HA"
"best","69","5","67.2727272727273",0.8,"HA"
"best","69","6","69.4545454545455",0.8,"HA"
"poisson","69","5","64.7272727272727",0.8,"HA"
"poisson","69","6","64.9090909090909",0.8,"HA"
"H1","69","5","67.0909090909091",0.8,"HA"
"H1","69","6","70",0.8,"HA"
"H3","69","5","68.5454545454545",0.8,"HA"
"H3","69","6","69.0909090909091",0.8,"HA"
"best","70","5","66.9090909090909",0.8,"HA"
"best","70","6","71.0909090909091",0.8,"HA"
"poisson","70","5","65.4545454545455",0.8,"HA"
"poisson","70","6","66.9090909090909",0.8,"HA"
"H1","70","5","69.2727272727273",0.8,"HA"
"H1","70","6","71.4545454545455",0.8,"HA"
"H3","70","5","69.0909090909091",0.8,"HA"
"H3","70","6","70.7272727272727",0.8,"HA"
"best","71","5","74.1818181818182",0.8,"HA"
"best","71","6","75.4545454545455",0.8,"HA"
"poisson","71","5","71.0909090909091",0.8,"HA"
"poisson","71","6","70.7272727272727",0.8,"HA"
"H1","71","5","73.2727272727273",0.8,"HA"
"H1","71","6","74",0.8,"HA"
"H3","71","5","73.8181818181818",0.8,"HA"
"H3","71","6","75.4545454545455",0.8,"HA"
"best","72","5","73.8181818181818",0.8,"HA"
"best","72","6","69.6363636363636",0.8,"HA"
"poisson","72","5","67.6363636363636",0.8,"HA"
"poisson","72","6","67.6363636363636",0.8,"HA"
"H1","72","5","73.4545454545455",0.8,"HA"
"H1","72","6","70.7272727272727",0.8,"HA"
"H3","72","5","72.1818181818182",0.8,"HA"
"H3","72","6","70.7272727272727",0.8,"HA"
"best","73","5","70.9090909090909",0.8,"HA"
"best","73","6","70.9090909090909",0.8,"HA"
"poisson","73","5","66.9090909090909",0.8,"HA"
"poisson","73","6","68.7272727272727",0.8,"HA"
"H1","73","5","70.7272727272727",0.8,"HA"
"H1","73","6","71.4545454545455",0.8,"HA"
"H3","73","5","70.7272727272727",0.8,"HA"
"H3","73","6","72",0.8,"HA"
"best","74","5","70.1818181818182",0.8,"HA"
"best","74","6","70.3636363636364",0.8,"HA"
"poisson","74","5","66.5454545454545",0.8,"HA"
"poisson","74","6","66",0.8,"HA"
"H1","74","5","71.0909090909091",0.8,"HA"
"H1","74","6","69.8181818181818",0.8,"HA"
"H3","74","5","69.0909090909091",0.8,"HA"
"H3","74","6","69.6363636363636",0.8,"HA"
"best","75","5","71.0909090909091",0.8,"HA"
"best","75","6","73.4545454545455",0.8,"HA"
"poisson","75","5","68.3636363636364",0.8,"HA"
"poisson","75","6","71.4545454545455",0.8,"HA"
"H1","75","5","71.8181818181818",0.8,"HA"
"H1","75","6","75.2727272727273",0.8,"HA"
"H3","75","5","72",0.8,"HA"
"H3","75","6","74.5454545454545",0.8,"HA"
"best","76","5","71.4545454545455",0.8,"HA"
"best","76","6","69.2727272727273",0.8,"HA"
"poisson","76","5","69.4545454545455",0.8,"HA"
"poisson","76","6","66.3636363636364",0.8,"HA"
"H1","76","5","71.8181818181818",0.8,"HA"
"H1","76","6","67.6363636363636",0.8,"HA"
"H3","76","5","71.4545454545455",0.8,"HA"
"H3","76","6","69.2727272727273",0.8,"HA"
"best","77","5","67.2727272727273",0.8,"HA"
"best","77","6","67.8181818181818",0.8,"HA"
"poisson","77","5","65.6363636363636",0.8,"HA"
"poisson","77","6","66.7272727272727",0.8,"HA"
"H1","77","5","69.0909090909091",0.8,"HA"
"H1","77","6","68",0.8,"HA"
"H3","77","5","69.0909090909091",0.8,"HA"
"H3","77","6","67.8181818181818",0.8,"HA"
"best","78","5","69.6363636363636",0.8,"HA"
"best","78","6","69.2727272727273",0.8,"HA"
"poisson","78","5","65.2727272727273",0.8,"HA"
"poisson","78","6","66.7272727272727",0.8,"HA"
"H1","78","5","69.8181818181818",0.8,"HA"
"H1","78","6","70.1818181818182",0.8,"HA"
"H3","78","5","70",0.8,"HA"
"H3","78","6","68.7272727272727",0.8,"HA"
"best","79","5","70",0.8,"HA"
"best","79","6","69.8181818181818",0.8,"HA"
"poisson","79","5","67.4545454545455",0.8,"HA"
"poisson","79","6","66",0.8,"HA"
"H1","79","5","70.7272727272727",0.8,"HA"
"H1","79","6","70.9090909090909",0.8,"HA"
"H3","79","5","69.4545454545455",0.8,"HA"
"H3","79","6","71.0909090909091",0.8,"HA"
"best","80","5","69.4545454545455",0.8,"HA"
"best","80","6","66.3636363636364",0.8,"HA"
"poisson","80","5","67.6363636363636",0.8,"HA"
"poisson","80","6","65.0909090909091",0.8,"HA"
"H1","80","5","69.8181818181818",0.8,"HA"
"H1","80","6","67.8181818181818",0.8,"HA"
"H3","80","5","68.3636363636364",0.8,"HA"
"H3","80","6","66.3636363636364",0.8,"HA"
"best","81","5","74.9090909090909",0.8,"HA"
"best","81","6","74.5454545454545",0.8,"HA"
"poisson","81","5","73.8181818181818",0.8,"HA"
"poisson","81","6","72.5454545454545",0.8,"HA"
"H1","81","5","76",0.8,"HA"
"H1","81","6","74.5454545454545",0.8,"HA"
"H3","81","5","74.7272727272727",0.8,"HA"
"H3","81","6","72.3636363636364",0.8,"HA"
"best","82","5","65.2727272727273",0.8,"HA"
"best","82","6","70.5454545454545",0.8,"HA"
"poisson","82","5","65.6363636363636",0.8,"HA"
"poisson","82","6","67.4545454545455",0.8,"HA"
"H1","82","5","67.8181818181818",0.8,"HA"
"H1","82","6","70.7272727272727",0.8,"HA"
"H3","82","5","66.7272727272727",0.8,"HA"
"H3","82","6","69.6363636363636",0.8,"HA"
"best","83","5","74.5454545454545",0.8,"HA"
"best","83","6","71.2727272727273",0.8,"HA"
"poisson","83","5","72.7272727272727",0.8,"HA"
"poisson","83","6","69.4545454545455",0.8,"HA"
"H1","83","5","76.1818181818182",0.8,"HA"
"H1","83","6","72.1818181818182",0.8,"HA"
"H3","83","5","75.0909090909091",0.8,"HA"
"H3","83","6","71.4545454545455",0.8,"HA"
"best","84","5","71.4545454545455",0.8,"HA"
"best","84","6","69.4545454545455",0.8,"HA"
"poisson","84","5","69.0909090909091",0.8,"HA"
"poisson","84","6","68",0.8,"HA"
"H1","84","5","73.0909090909091",0.8,"HA"
"H1","84","6","72.3636363636364",0.8,"HA"
"H3","84","5","72",0.8,"HA"
"H3","84","6","69.8181818181818",0.8,"HA"
"best","85","5","70.5454545454545",0.8,"HA"
"best","85","6","72.1818181818182",0.8,"HA"
"poisson","85","5","70.1818181818182",0.8,"HA"
"poisson","85","6","70.9090909090909",0.8,"HA"
"H1","85","5","71.2727272727273",0.8,"HA"
"H1","85","6","74",0.8,"HA"
"H3","85","5","71.6363636363636",0.8,"HA"
"H3","85","6","73.2727272727273",0.8,"HA"
"best","86","5","71.4545454545455",0.8,"HA"
"best","86","6","72.9090909090909",0.8,"HA"
"poisson","86","5","69.6363636363636",0.8,"HA"
"poisson","86","6","69.6363636363636",0.8,"HA"
"H1","86","5","72.9090909090909",0.8,"HA"
"H1","86","6","72.9090909090909",0.8,"HA"
"H3","86","5","70.1818181818182",0.8,"HA"
"H3","86","6","72.7272727272727",0.8,"HA"
"best","87","5","72.1818181818182",0.8,"HA"
"best","87","6","74.1818181818182",0.8,"HA"
"poisson","87","5","69.0909090909091",0.8,"HA"
"poisson","87","6","73.0909090909091",0.8,"HA"
"H1","87","5","73.8181818181818",0.8,"HA"
"H1","87","6","74.7272727272727",0.8,"HA"
"H3","87","5","73.4545454545455",0.8,"HA"
"H3","87","6","74",0.8,"HA"
"best","88","5","72.7272727272727",0.8,"HA"
"best","88","6","73.0909090909091",0.8,"HA"
"poisson","88","5","70",0.8,"HA"
"poisson","88","6","69.8181818181818",0.8,"HA"
"H1","88","5","73.4545454545455",0.8,"HA"
"H1","88","6","72.3636363636364",0.8,"HA"
"H3","88","5","72.3636363636364",0.8,"HA"
"H3","88","6","72",0.8,"HA"
"best","89","5","73.6363636363636",0.8,"HA"
"best","89","6","72.1818181818182",0.8,"HA"
"poisson","89","5","72.1818181818182",0.8,"HA"
"poisson","89","6","70.7272727272727",0.8,"HA"
"H1","89","5","75.4545454545455",0.8,"HA"
"H1","89","6","72.9090909090909",0.8,"HA"
"H3","89","5","74.9090909090909",0.8,"HA"
"H3","89","6","72",0.8,"HA"
"best","90","5","70.9090909090909",0.8,"HA"
"best","90","6","70.1818181818182",0.8,"HA"
"poisson","90","5","68",0.8,"HA"
"poisson","90","6","68.9090909090909",0.8,"HA"
"H1","90","5","72.1818181818182",0.8,"HA"
"H1","90","6","70.3636363636364",0.8,"HA"
"H3","90","5","70.9090909090909",0.8,"HA"
"H3","90","6","69.4545454545455",0.8,"HA"
"best","91","5","71.6363636363636",0.8,"HA"
"best","91","6","68.9090909090909",0.8,"HA"
"poisson","91","5","70.9090909090909",0.8,"HA"
"poisson","91","6","66.3636363636364",0.8,"HA"
"H1","91","5","73.2727272727273",0.8,"HA"
"H1","91","6","68.1818181818182",0.8,"HA"
"H3","91","5","73.6363636363636",0.8,"HA"
"H3","91","6","68.7272727272727",0.8,"HA"
"best","92","5","72",0.8,"HA"
"best","92","6","74",0.8,"HA"
"poisson","92","5","69.4545454545455",0.8,"HA"
"poisson","92","6","70.9090909090909",0.8,"HA"
"H1","92","5","72.1818181818182",0.8,"HA"
"H1","92","6","74.1818181818182",0.8,"HA"
"H3","92","5","71.8181818181818",0.8,"HA"
"H3","92","6","74.3636363636364",0.8,"HA"
"best","93","5","70.5454545454545",0.8,"HA"
"best","93","6","70.9090909090909",0.8,"HA"
"poisson","93","5","66.9090909090909",0.8,"HA"
"poisson","93","6","69.4545454545455",0.8,"HA"
"H1","93","5","70.5454545454545",0.8,"HA"
"H1","93","6","71.2727272727273",0.8,"HA"
"H3","93","5","71.0909090909091",0.8,"HA"
"H3","93","6","70.7272727272727",0.8,"HA"
"best","94","5","71.0909090909091",0.8,"HA"
"best","94","6","67.8181818181818",0.8,"HA"
"poisson","94","5","67.8181818181818",0.8,"HA"
"poisson","94","6","66.3636363636364",0.8,"HA"
"H1","94","5","70.7272727272727",0.8,"HA"
"H1","94","6","70.1818181818182",0.8,"HA"
"H3","94","5","71.4545454545455",0.8,"HA"
"H3","94","6","70.3636363636364",0.8,"HA"
"best","95","5","72.5454545454545",0.8,"HA"
"best","95","6","71.6363636363636",0.8,"HA"
"poisson","95","5","69.2727272727273",0.8,"HA"
"poisson","95","6","68.9090909090909",0.8,"HA"
"H1","95","5","73.2727272727273",0.8,"HA"
"H1","95","6","71.0909090909091",0.8,"HA"
"H3","95","5","72.9090909090909",0.8,"HA"
"H3","95","6","71.4545454545455",0.8,"HA"
"best","96","5","68.7272727272727",0.8,"HA"
"best","96","6","70.5454545454545",0.8,"HA"
"poisson","96","5","67.0909090909091",0.8,"HA"
"poisson","96","6","67.4545454545455",0.8,"HA"
"H1","96","5","71.0909090909091",0.8,"HA"
"H1","96","6","71.4545454545455",0.8,"HA"
"H3","96","5","69.4545454545455",0.8,"HA"
"H3","96","6","70.5454545454545",0.8,"HA"
"best","97","5","74.3636363636364",0.8,"HA"
"best","97","6","70",0.8,"HA"
"poisson","97","5","72.3636363636364",0.8,"HA"
"poisson","97","6","66.1818181818182",0.8,"HA"
"H1","97","5","74",0.8,"HA"
"H1","97","6","70.1818181818182",0.8,"HA"
"H3","97","5","73.0909090909091",0.8,"HA"
"H3","97","6","69.8181818181818",0.8,"HA"
"best","98","5","72.7272727272727",0.8,"HA"
"best","98","6","76",0.8,"HA"
"poisson","98","5","71.2727272727273",0.8,"HA"
"poisson","98","6","72.7272727272727",0.8,"HA"
"H1","98","5","74",0.8,"HA"
"H1","98","6","76",0.8,"HA"
"H3","98","5","73.2727272727273",0.8,"HA"
"H3","98","6","74.7272727272727",0.8,"HA"
"best","99","5","72.7272727272727",0.8,"HA"
"best","99","6","73.0909090909091",0.8,"HA"
"poisson","99","5","70.1818181818182",0.8,"HA"
"poisson","99","6","72",0.8,"HA"
"H1","99","5","72.1818181818182",0.8,"HA"
"H1","99","6","74.3636363636364",0.8,"HA"
"H3","99","5","72.3636363636364",0.8,"HA"
"H3","99","6","74",0.8,"HA"
"best","100","5","70.5454545454545",0.8,"HA"
"best","100","6","69.2727272727273",0.8,"HA"
"poisson","100","5","67.0909090909091",0.8,"HA"
"poisson","100","6","67.2727272727273",0.8,"HA"
"H1","100","5","70.7272727272727",0.8,"HA"
"H1","100","6","69.0909090909091",0.8,"HA"
"H3","100","5","70.5454545454545",0.8,"HA"
"H3","100","6","68.7272727272727",0.8,"HA"
