A,R,N,D,C,Q,E,G,H,I,L,K,M,F,P,S,T,W,Y,V
-0.03,-0.02,0,0.03,-0.09,0.01,0,-0.04,-0.02,-0.07,-0.05,-0.01,-0.02,-0.1,-0.03,-0.03,0.06,-0.16,-0.06,-0.04
0,0,0,-0.02,-0.09,-0.02,0.08,-0.08,0.04,0,0,-0.05,0,-0.22,0.06,-0.04,-0.03,-0.03,-0.03,0
-0.01,0,-0.06,-0.01,-0.14,0.02,-0.15,-0.07,-0.07,-0.06,-0.01,-0.01,-0.02,-0.15,0.03,-0.08,0,-0.21,-0.07,-0.05
-0.03,0,0,0.07,-0.11,0.01,0.01,-0.03,-0.02,-0.2,-0.2,-0.03,-0.05,-0.22,-0.18,-0.06,-0.04,-0.24,-0.09,-0.07
0.04,-0.01,0.03,0,-0.11,-0.02,0.06,-0.08,-0.03,-0.02,0,-0.03,0.01,-0.03,0.06,0.01,0.02,-0.05,-0.02,-0.08
-0.69,-0.99,-0.51,-0.48,0,-0.68,-0.61,-0.65,-0.71,-0.75,-0.81,-0.93,-0.75,-0.57,-0.93,-0.65,-0.58,-0.81,-0.7,-0.62
-0.09,-0.14,-0.03,0.06,-0.18,-0.21,-0.01,-0.15,-0.09,-0.54,-0.27,-0.05,-0.19,-0.45,0,-0.1,-0.13,-0.4,-0.26,-0.4
-0.97,-1.66,-1.13,-1.11,-0.95,-1.04,-1.04,-1.08,-0.97,-0.15,-0.03,-1.49,-0.15,0,-0.93,-1.03,-0.93,0.04,-0.05,-0.55
0,-0.1,0.02,0.06,-0.37,-0.05,-0.03,0,0.01,-0.21,-0.22,-0.11,-0.15,-0.11,-0.14,0.02,-0.05,-0.09,-0.03,-0.18
-0.09,-0.28,-0.23,0.01,-0.44,-0.05,0,-0.27,-0.27,-0.39,-0.21,-0.11,-0.18,-0.64,-0.21,-0.1,-0.18,-0.63,-0.55,-0.26
-0.86,-1.37,-1.02,-0.94,-0.88,-0.97,-0.97,-1.06,-0.99,0.02,-0.15,-1.67,-0.52,-0.51,-0.93,-0.87,-0.59,-0.47,-0.65,0
-0.99,-1.22,-1.6,-1.55,-1.01,-1.35,-1.51,-1.41,-1.54,-0.15,-0.28,-1.07,-0.3,0,-1.79,-1.34,-0.78,-0.73,-0.89,-0.38
-0.38,-0.42,0,-0.37,-0.76,-0.29,-0.25,-0.2,-0.31,-0.96,-0.58,-0.31,-0.49,-0.45,-1.47,-0.32,-0.35,-0.5,-0.46,-0.82
0,-0.17,-0.14,-0.41,-0.4,-0.1,-0.26,-0.32,-0.46,-0.41,-0.62,-0.1,-0.43,-0.83,-0.74,-0.14,-0.37,-0.92,-0.81,-0.46
-0.12,-0.13,-0.21,-0.12,-0.64,-0.15,-0.09,-0.35,-0.26,-0.42,-0.25,-0.07,-0.37,-0.58,-0.06,-0.02,0,-0.62,-0.48,-0.28
-0.02,0,0.03,0.01,-0.12,-0.01,0,-0.11,0.08,-0.01,-0.04,-0.01,-0.02,-0.02,-0.38,0.04,0.06,-0.06,0.07,0.06
-0.87,-1.17,-2.15,-3.13,-1,-1.04,-1.47,-0.98,-0.72,-0.79,-0.87,-1.6,-0.43,0,-0.75,-0.89,-1.08,0,-0.32,-0.72
0,-0.24,0,-0.07,-0.26,-0.12,-0.13,-0.1,0,-0.99,-0.63,-0.23,-0.3,-0.29,-0.06,0.01,-0.18,-0.46,-0.1,-0.49
-0.34,-0.96,-0.26,-0.5,-0.12,-0.83,-1.15,-0.59,-0.72,-4.25,-1.91,-0.87,-0.87,-2.03,-0.11,0,-0.76,-1.9,-1.8,-1.92
-0.4,-4.8,-2.44,-4.8,-1.48,-4.1,-4.59,-1.9,-4.8,-0.23,-1.69,-4.8,-3.54,-4.84,-0.22,-0.94,-0.8,-4.71,-4.14,0
-0.87,-2.97,-0.77,-2.72,-0.6,-1.01,-1.5,-1.65,-0.27,-0.79,-0.92,-2.5,-0.58,-0.08,-0.81,-0.71,-0.82,-0.19,0,-0.29
0,-0.05,-0.04,-0.03,-0.11,-0.03,-0.03,-0.19,-0.06,-0.49,-0.31,-0.08,-0.02,-0.29,-3.21,-0.06,-0.27,-0.44,-0.14,-0.52
-1.34,-1.62,-2.68,-2.39,-1.22,-1.36,-1.83,-2.17,-0.95,-2.65,-2.15,-2.46,-1.68,-0.08,-0.62,-0.98,-2.75,0,-0.28,-1.26
-0.04,0.05,0,-0.04,-0.29,0,0,-0.06,-0.07,-0.39,-0.56,0.03,-0.23,-0.57,-0.9,0.04,0.02,-1.05,-0.38,-0.16
-1.54,0,-1.38,-3.89,-1.88,-0.85,-1.27,-2.15,-0.38,-3.34,-4.33,-1.08,-2.1,-3.01,-3.41,-0.68,-0.64,-1.98,-3,-2.38
-0.14,0.03,-0.28,-0.39,-0.2,-0.12,-0.21,-0.9,-0.14,-0.04,-0.07,0,-0.02,-0.15,-4.2,-0.15,0.04,-0.42,-0.12,0.01
-0.01,0,-0.03,-0.06,-0.04,-0.05,0.01,-0.42,-0.08,-0.04,-0.06,0.05,-0.07,-0.14,-0.19,-0.06,-0.07,-0.15,-0.06,0.01
-0.7,-1.3,-0.91,-1.81,-0.41,-0.93,-1.08,-0.74,-0.64,0,0,-1.25,-0.01,0.1,-2.18,-0.78,-0.83,0.07,-0.01,-0.14
-0.02,-0.03,0.04,-0.01,-0.05,0.08,-0.13,-0.08,-0.01,-0.15,-0.29,-0.06,-0.16,-0.08,-0.16,0,-0.02,-0.1,-0.08,-0.07
-0.23,-0.19,0,-0.03,-0.27,-0.18,-0.13,-0.01,-0.04,-0.71,-0.59,-0.12,-0.38,-0.28,-0.04,-0.16,-0.35,-0.25,-0.33,-0.75
-0.59,-0.66,-0.59,-0.86,0,-0.57,-0.58,-0.72,-0.69,-0.66,-0.7,-0.62,-0.67,-0.59,-0.38,-0.61,-0.61,-0.7,-0.64,-0.58
-0.09,0,-0.1,-0.18,-0.09,-0.03,-0.05,-0.21,-0.05,0.04,-0.03,-0.02,0.03,-0.01,-0.51,-0.1,0.08,0,0,0
0,-0.56,-0.43,-0.66,-0.09,-0.02,-0.47,-0.13,-0.21,-0.25,-0.06,-0.54,-0.14,-0.12,-0.15,-0.19,-0.18,0.06,-0.17,-0.13
-0.62,-0.58,-0.22,0,-0.46,-0.46,-0.3,-0.62,-0.5,-0.69,-0.91,-0.45,-0.82,-0.77,-0.57,-0.39,-0.57,-0.62,-0.55,-0.64
-0.29,-0.61,-0.55,-0.68,-0.45,-0.6,-0.61,-0.37,-0.55,-0.05,0,-0.6,0.03,0,-0.38,-0.42,-0.33,-0.01,0,-0.11
-0.03,-0.01,0.08,0.05,-0.38,0.01,0.02,0,0.03,-0.09,-0.08,0,-0.02,-0.23,-0.43,0,-0.01,-0.12,-0.23,-0.05
0.11,-0.04,0.02,-0.05,-0.09,0.02,0.02,-0.04,0.02,-0.03,0.02,0.05,0.04,0.07,-0.02,0.02,-0.01,0.14,-0.02,0
-0.83,-1.01,-0.99,-0.93,-0.97,-0.9,-0.99,-1.03,-0.96,-0.04,0,-1.02,-0.16,-0.05,-0.96,-0.99,-0.9,-0.4,-0.48,-0.24
-0.01,-0.03,-0.09,-0.17,-0.1,0.01,-0.11,-0.09,-0.07,0.04,0.05,-0.04,0.06,-0.08,-0.17,-0.03,0.02,-0.05,0,0
-0.1,-0.05,0,-0.04,-0.48,0.02,0,-0.04,-0.03,-0.58,-0.17,-0.04,-0.12,-0.23,-0.12,-0.02,-0.02,-0.27,-0.14,-0.45
-0.09,-0.11,-0.05,0.01,-0.26,-0.1,-0.05,-0.1,-0.12,-0.17,-0.14,-0.13,-0.14,-0.19,-0.16,0,-0.03,-0.11,-0.12,-0.18
0,0.03,-0.2,-0.1,-0.18,-0.08,0.01,0,-0.13,-0.13,-0.17,-0.05,-0.04,-0.09,-0.14,-0.19,-0.16,-0.1,-0.18,-0.12
-0.03,-0.01,-1.06,-0.04,-0.07,0.05,-0.01,-0.01,-0.01,-0.02,-0.02,-0.04,0.01,-0.02,-0.08,0,0,-0.04,-0.01,-0.07
-0.29,-0.36,-0.92,-0.24,-0.61,-0.32,-0.32,-0.24,-0.24,-0.15,-0.25,-0.28,-0.22,0,-0.33,-0.35,-0.32,-0.02,-0.06,-0.32
-0.13,-0.37,-0.13,-0.04,-0.5,-0.03,-0.11,-0.2,-0.13,-0.69,-0.6,-0.23,-0.44,-0.55,-0.4,0,-0.06,-0.53,-0.29,-0.55
-0.26,-0.12,-0.19,-0.98,-0.25,-0.01,-0.13,-0.61,-0.02,-0.07,-0.04,-0.08,-0.06,-0.12,-1.01,-0.07,0,-0.09,-0.09,-0.06
-0.59,-0.64,-0.84,-4.01,-0.4,-1.37,-2.12,-1.87,-0.62,-0.16,-0.2,-0.71,-0.7,0,-0.81,-0.83,-0.44,-0.07,-0.24,-0.15
-0.1,0.08,-0.02,-0.03,-0.14,-0.01,-0.04,-0.89,-0.17,-0.11,-0.06,0,-0.13,-0.5,-4.02,-0.11,-0.16,-0.6,-0.42,-0.09
-1.44,-4.12,-3.32,-4.79,0,-2.98,-4.06,-4.51,-2.5,-1.24,-0.97,-4.7,-0.97,-0.65,-3.66,-1.61,-0.9,-0.46,-1.05,-0.84
-1.9,-1.34,-1.49,-3.05,-1.37,-1.42,-1.8,-4.12,-0.53,-0.73,-1.53,-1.53,-1.07,-0.04,-4.8,-1.17,-0.77,-0.08,0,-0.95
-0.52,-0.03,-0.02,-0.55,-0.7,-0.12,-0.54,0,-0.15,-0.86,-0.65,-0.07,-0.58,-0.81,-0.97,-0.27,-0.53,-0.87,-0.79,-0.7
-0.26,-0.86,-0.56,-0.62,-0.06,-0.56,-0.52,-0.68,-0.32,0,-0.05,-0.52,-0.14,-0.01,-0.42,-0.55,-0.11,-0.35,-0.14,0
-0.01,-0.06,0,0.02,-0.14,-0.05,0.09,-0.13,-0.08,0.05,-0.07,0.01,-0.04,-0.14,-0.08,0,0.06,-0.2,-0.07,-0.01
0.01,0.03,-0.18,-0.14,-0.16,0.03,-0.02,-0.17,-0.03,0.02,0.01,0.04,-0.02,0.02,0,-0.09,-0.05,0.03,-0.06,0.03
0,0.19,0.01,-0.01,-0.26,0.03,0.06,-0.02,0.01,-0.04,-0.01,-0.04,0.01,-0.01,-0.04,-0.01,0,-0.03,0,-0.04
-0.03,-0.06,0.04,-0.06,-0.18,0.01,0.02,-0.06,0.01,-0.08,-0.07,0,-0.05,-0.22,-0.54,0.04,-0.01,-0.42,-0.13,-0.08
-0.51,-0.7,-0.58,-0.54,-0.64,-0.53,-0.52,-0.56,-0.66,-0.17,0,-0.66,-0.13,-0.31,-0.64,-0.59,-0.56,-0.26,-0.57,-0.43
-0.07,-0.07,0,0.03,-0.33,-0.05,-0.09,-0.06,-0.09,-0.29,-0.27,-0.14,-0.07,-0.38,-0.04,-0.08,-0.14,-0.34,-0.32,-0.16
-0.1,-0.08,-0.05,0,-0.16,-0.02,0.03,-0.05,-0.03,-0.4,-0.2,-0.07,-0.15,-0.12,-0.46,0.04,-0.02,-0.25,-0.04,-0.29
-0.05,-0.08,-0.09,-0.27,-0.07,-0.07,-0.04,-0.09,-0.06,-0.06,0,-0.06,0.02,-0.04,-0.43,-0.12,-0.12,-0.16,0.01,-0.1
-0.08,-0.07,-0.07,-0.12,0,-0.02,-0.07,-0.15,-0.05,-0.13,-0.12,-0.06,-0.12,-0.16,-0.07,-0.09,-0.08,-0.17,-0.13,-0.09
-0.02,-0.4,-0.21,-0.32,-0.04,-0.23,-0.36,-0.27,-0.11,-0.05,-0.08,-0.34,-0.08,0,-0.03,-0.11,-0.01,0.02,0.02,0
0.03,-0.05,-0.03,-0.06,-0.14,-0.05,-0.02,-0.11,-0.07,-0.09,-0.13,-0.03,-0.14,-0.21,-0.16,0,0,-0.37,-0.09,-0.08
0.01,-0.08,0,-0.08,-0.1,-0.06,-0.02,-0.08,0,-0.13,-0.12,-0.1,-0.05,-0.07,-0.08,0.01,-0.04,-0.08,-0.02,-0.06
-0.16,-0.55,-1.02,-3.52,-0.03,-0.51,-1.02,-0.18,-0.59,0,-0.03,-0.9,0.04,-0.19,-2.03,-0.51,-0.36,-0.57,-0.53,0
-0.38,-0.59,-0.07,-0.3,-0.23,-0.24,-0.52,-1.08,-0.29,-0.05,-0.12,-0.51,-0.1,-0.02,-4.8,-0.38,-0.02,-0.03,0,-0.06
0,-2.52,-4.48,-4.36,-0.13,0,0,-1.07,-1.52,-0.29,-0.06,0,0,-0.47,-3.95,-0.7,-0.47,0,-0.67,-0.15
-4.34,-4.8,-3.46,0,-4.53,-4.47,-1.59,-4.76,-0.85,-3.38,-4.79,-4.8,-1.39,-1.72,-4.54,-2.08,-1.23,-2.88,-1.09,-2.08
-0.37,-0.62,-0.39,-1.33,-0.83,-0.49,-1.49,-0.92,-2,-1.5,-0.87,-0.97,-0.35,-0.45,-3.93,0,-0.1,-0.52,-0.3,-1.26
-3.59,-4.8,-4.8,-4.8,-4.61,-4.38,-4.34,-4.8,-3.84,-4.8,-1.61,-4.72,-0.66,0,-4.78,-4.8,-4.8,-4.77,-0.9,-4.5
-0.66,-4.8,-4.03,-4.37,-0.77,-3.35,-4.13,-4.32,-4.63,-0.26,-0.33,-4.76,-0.64,-3.38,-4.8,-1.75,-0.37,-4.69,-4.8,0
-0.96,-3.42,-4.69,-4.67,-0.18,-4.36,-3.37,-4.8,-4.42,0,-0.05,-4.71,-0.91,-4.8,-4.65,-2.26,-0.55,-2.35,-4.53,0.01
-1.06,0,-1.47,-2.21,-1.51,-0.72,-2.11,-1.7,-2.19,-1.73,-1.4,-0.06,-0.55,-3.49,-1.25,-0.84,-0.69,-2.82,-2.34,-2.03
-0.93,-1.29,-1.47,-2.46,-1.17,-1.02,-1.28,0,-0.93,-2.78,-2.29,-1.02,-1.36,-1.97,-4.8,-1.02,-2.47,-3.07,-1.39,-2.56
-0.07,-0.11,-0.1,0,-0.28,-0.03,-0.25,-0.33,-0.15,-0.93,-0.42,-0.2,-0.08,-0.02,-1.45,0.01,-0.36,-0.49,-0.28,-0.6
-0.38,-2.01,-0.56,-0.07,-0.83,0.07,0,-0.59,0,-2.12,-1.4,-0.96,-0.44,-0.9,-4.42,-0.53,-0.68,-0.57,-0.78,-0.6
-0.86,-0.76,-4.44,-4.8,-0.67,-0.67,-1.66,-2.63,-3.09,-0.1,-0.03,-1.15,-0.33,-1.09,-4.3,-1.54,-0.56,-1.78,-1.48,0
-0.06,0,-0.06,-0.1,-0.09,-0.07,-0.16,-0.08,-0.06,-0.09,-0.21,0,-0.1,-0.11,-0.06,-0.06,-0.11,-0.1,-0.14,-0.14
-0.92,-0.78,-0.65,-0.33,-0.43,0,-0.15,-1,-0.67,-1.86,-0.75,-0.65,-0.54,-0.72,-4.63,-0.57,-0.67,-0.9,-0.45,-1.06
-4.62,-4.8,-3.6,-3.39,-1.14,-4.21,-4.8,-4.57,-4.55,0,-0.36,-4.74,-0.72,-3.27,-3.49,-4.8,-4.48,-4.79,-4.18,-0.11
0,-0.18,-0.57,-0.69,-0.4,-0.08,-0.09,-0.1,-0.55,-0.72,-0.73,-0.33,-0.29,-0.81,-4.5,-0.14,-0.52,-0.3,-0.93,-0.4
-1.07,-1.5,-3.32,-3.12,-2.35,-1.57,-2.2,-1.6,-2.32,-0.92,-1.15,-0.95,-1.32,-3.87,0,-1.5,-1.05,-4.37,-4.47,-0.66
-0.16,-0.08,-0.15,-0.3,-0.06,-0.12,-0.2,0,-0.06,-0.6,-0.12,-0.13,-0.07,-0.03,-4.65,-0.11,-0.47,-0.41,-0.07,-0.59
0.16,-0.04,-0.36,-0.88,-0.16,0,-0.06,-0.01,-0.18,-0.1,-0.26,-0.04,0.04,-0.53,-1.01,0,0.01,-0.8,-0.41,0.01
-0.04,0.05,-0.02,-0.21,-0.3,-0.06,-0.13,-0.02,0.05,-0.1,-0.27,0,-0.09,-0.12,-0.29,0.01,0,-0.25,-0.09,-0.09
-1.31,-2.89,-1.27,-1.47,-2.36,-1.93,-2.01,0,-1.56,-4.79,-3.2,-2.22,-2.03,-4.05,-4.4,-1.11,-2.02,-3.21,-2.74,-4.6
-0.35,-0.17,-0.45,-1.04,-0.42,-0.62,-0.75,-0.51,-0.17,-0.34,-0.31,0,-0.39,-0.13,-0.35,-0.46,-0.26,-0.31,-0.08,-0.32
-1.46,-4.76,-4.79,-4.8,-1.05,-1.82,-4.8,-4.55,-4.76,0,-0.73,-4.64,-0.76,-2.66,-4.73,-3.48,-0.85,-4.44,-4.57,-0.17
0,-1.14,-0.91,-3.23,-0.27,-1.15,-3.75,-0.8,-0.77,-0.73,-2.28,-2.04,-1.11,-1.07,-0.22,-0.1,-0.23,-2.69,-0.86,-0.49
-0.11,-0.05,-0.02,0,-0.27,-0.01,-0.13,-0.56,-0.29,-0.66,-0.18,-0.05,-0.14,-0.32,-4.55,-0.11,-0.26,-0.3,-0.3,-0.67
-0.68,-0.63,-0.18,-1.72,-0.43,-0.76,-2.08,-0.72,-0.6,-0.47,-0.14,-0.52,-0.39,-0.02,-4.76,-0.76,-1.18,-0.61,0,-0.63
-1.36,-4.77,0,-2.64,-2.45,-3.9,-4.8,-2.48,-4.8,-4.77,-4.8,-4.73,-4.34,-4.8,-4.59,-0.75,-4.53,-4.8,-4.62,-4.8
-4.8,-4.79,-4.77,-4.7,-4.57,-4.44,-4.53,-4.72,-4.26,-2.16,-3.11,-4.7,-2.77,-0.58,-4.78,-4.79,-4.75,-4.52,0,-4.43
-0.21,-0.07,-0.3,-1.75,-0.52,-0.56,-2.56,-0.75,-0.08,-2.03,-1.11,0,-0.68,-0.9,-1.77,-0.77,-4.8,-4.31,-0.82,-0.89
-3.04,-4.6,-4.14,-4.8,-0.74,-4.79,-4.8,-4.75,-4.8,-0.04,0,-4.8,-0.18,-1.38,-3.46,-4.52,-0.83,-4.8,-4.63,-0.04
-0.18,-0.63,-0.37,-0.48,-0.7,-0.78,-0.79,-0.29,-0.68,-1.75,-1.38,-0.58,-0.93,-1.6,0,-0.22,-0.57,-1.77,-1.58,-1.1
0.04,-0.02,0,0,-0.27,-0.35,0.02,-0.05,0,-0.06,0,-0.04,-0.04,-0.13,-0.03,-0.06,-0.08,-0.13,-0.09,-0.03
-0.13,-0.12,0.01,0,-0.38,-0.12,-0.06,-0.12,-0.07,-0.26,-0.28,-0.04,-0.21,-0.31,-0.09,-0.08,-0.07,-0.24,-0.18,-0.21
-3.83,-4.49,-4.74,-4.77,-3.17,-4.41,-4.73,-4.8,-0.86,-0.9,-0.69,-4.64,-0.73,0,-4.47,-4.79,-3.32,-0.11,-0.54,-0.93
-0.17,0,-0.12,-0.56,0,-0.07,-0.42,-0.68,-0.02,0.03,0.01,0.03,0.03,0.03,-2.11,-0.15,0,-0.18,0,-0.06
-4.8,-4.79,-4.69,-4.72,-2.77,-4.67,-4.8,0,-4.8,-4.8,-4.56,-4.8,-4.61,-4.7,-4.8,-4.46,-4.6,-4.8,-4.56,-4.71
-1.88,-4.8,-4.29,-4.71,0,-4.8,-3.87,-4.8,-4.55,-0.47,-0.73,-3.88,-0.77,-0.89,-4.63,-4.5,-4.45,-1.51,-2.42,-0.72
-1.58,-4.48,-4.57,-4.77,-1.77,-4.8,-4.52,-4.78,-4.77,-0.12,-1.56,-4.79,-1.33,-4.62,-4.8,-4.36,-0.71,-4.74,-4.48,0
-0.3,-4.23,-2.93,-3.68,-0.22,-1.13,-4.66,-0.93,-0.6,0,-0.05,-2.18,-0.08,0.03,-4.45,-0.69,-0.36,-0.04,-0.01,-0.07
0,-2.76,-1.13,-3.23,-0.63,-1.23,-3.36,-0.36,-0.94,-0.75,-1.53,-1.97,-0.67,-0.89,-4.18,-0.07,-0.17,-0.52,-0.5,-0.61
-0.75,-0.62,-1.49,-2.86,-1,-0.66,-1.37,-1.29,-0.89,-0.76,-0.78,-0.67,-0.56,-0.39,-4.59,-0.66,-0.72,0,-0.49,-0.85
-0.55,-0.75,0,-1.48,-0.42,-0.75,-0.96,-0.56,-1.89,-2.21,-2.15,-0.78,-1.62,-4.24,-0.36,-0.51,-1.23,-2.96,-3.62,-1.46
-0.01,-1.27,-1.41,-2.26,-0.38,-1.39,-2.21,-0.65,-2.44,-2.39,-3.43,-2.39,-1.42,-2.79,-4.61,0,-0.1,-2.99,-2.56,-0.76
-0.17,-0.03,0,-1.15,-0.12,-0.45,-2.66,-0.5,-0.75,-0.25,-0.06,0.04,-0.25,-1.14,-2.39,-1.22,-1.08,-0.58,-1.2,-0.04
0.01,-0.03,0,-0.02,-0.15,-0.08,-0.04,-0.01,0.02,-0.09,-0.07,0.07,0,-0.03,-0.05,0.04,-0.02,-0.11,-0.07,-0.02
-0.11,-0.13,-0.33,-0.03,-0.18,-0.03,-0.03,-0.32,-0.12,0.02,0,-0.01,-0.03,-0.07,-0.48,-0.63,-0.88,-0.05,-0.14,0.03
-2.8,-4.11,-2.8,0,-2.61,-4.14,-1.23,-3.7,-2.59,-0.65,-1.48,-4.22,-2.41,-2.7,-4.67,-2.64,-2.42,-4.8,-2.48,-1.42
-0.27,-2.18,-2.18,-2.06,-1.36,-2.14,-2.52,-0.57,-1.97,-2.37,-2.37,-2.12,-2.16,-2.29,-2.46,0,-1.14,-2.39,-2.17,-1.97
-0.01,-0.06,-0.12,-0.18,-0.14,0.01,-0.07,-0.76,-0.05,-0.1,-0.1,0,-0.04,-0.13,-1.14,-0.09,-0.03,-0.05,-0.08,-0.1
-0.04,-0.01,-0.06,-0.16,-0.8,-0.04,-0.18,-0.29,-0.02,-0.01,-0.03,0.02,-0.14,-0.1,0.03,-0.1,-0.02,-0.03,-0.14,0
-0.84,-1.23,-0.58,-2.54,-0.64,-0.13,-1.46,-2.37,-0.11,-0.44,-0.29,-0.7,-0.34,-0.09,-1.25,-0.83,-1.24,-0.85,0,-0.79
0.05,0.02,0.01,-0.16,-0.06,0.07,0.02,0.02,0,0,0,0.09,0.06,-0.01,-1.43,0.03,0.03,-0.06,-0.07,0.02
-0.27,-0.3,-0.82,-3.49,-0.26,-0.37,-1.18,-0.92,-0.07,-0.53,-0.17,0.08,-0.05,0.25,-4.8,-0.21,-0.55,-0.16,0,-0.11
-3.04,0,-4.14,-4.6,-4.8,-4.8,-4.39,-4.72,-4.74,-4.39,-4.73,-1.12,-4.56,-4.7,-4.8,-4.32,-4.41,-3.9,-4.06,-4.77
-0.47,-1.6,-0.8,-2.25,-0.71,-0.63,-2.05,-0.54,-0.76,-0.01,0,-1.99,0.05,-0.19,-0.95,-0.78,-0.78,-0.27,-1.5,-0.73
-2.17,-2.08,-2.38,-4.55,-1.2,-2.07,-2.45,-2.22,-0.69,-1.21,-0.11,-1.38,-0.22,0,-2.69,-2.42,-1.65,-1.01,-1.5,-0.61
-0.45,0,-0.91,-2.15,-2.15,-1.32,-2.78,-0.65,-0.66,-2.82,-1.65,-0.32,-1.02,-3.05,-3.97,-0.56,-1.86,-4.11,-3.37,-3.49
-0.01,-0.01,-0.12,0.09,-0.16,0,0.06,-0.07,0,-0.16,-0.12,0,-0.04,-0.11,0.03,-0.04,0,-0.24,-0.09,-0.06
-0.03,-0.01,0.03,0.01,-0.14,-0.03,0.01,0.05,-0.02,-0.09,-0.21,-0.02,-0.1,-0.1,-0.22,0,0.01,-0.21,-0.09,0
0.03,0.06,0,-0.06,-0.07,0.02,-0.03,-0.09,0.02,0.02,-0.05,0.09,-0.04,-0.09,-0.01,-0.08,-0.16,-0.29,-0.04,0.05
-1,-4.8,-0.98,-4.8,-0.63,-2.11,-4.12,-3.34,-2.22,-0.01,0,-3.78,-0.22,-0.88,-3.7,-1.31,-0.75,-4.56,-1.14,-0.04
-0.07,-0.05,-0.08,-0.08,-0.11,-0.02,-0.01,-0.06,-0.24,-0.13,-0.07,0,-0.04,-0.09,-0.34,-0.09,-0.05,-0.21,-0.08,-0.08
-0.07,-0.75,-0.53,-0.47,-0.57,-0.44,-0.32,-0.2,-0.53,-0.74,-0.84,-0.63,-0.71,-0.53,0,-0.2,-0.59,-0.57,-0.56,-0.6
-0.16,-0.23,-0.11,-0.39,-0.29,-0.12,-0.29,-0.02,-0.07,-0.66,-0.12,-0.51,-0.06,0,-2.14,-0.18,-0.35,-0.1,-0.04,-0.57
-0.18,-0.6,-0.39,-0.12,-0.44,-0.02,0,-0.11,-0.23,-0.66,-0.68,-0.51,-0.29,-0.64,-4.41,-0.29,-0.13,-0.69,-0.65,-0.45
-0.6,0,-0.63,-1.21,-0.38,-0.08,-0.74,-0.97,-0.2,-0.35,-0.36,-0.03,-0.25,-0.74,-1.26,-0.46,-0.52,-0.58,-0.58,-0.41
-1.29,-3.95,-1.14,0,-0.84,-1.6,-0.8,-1.55,-1.2,-1.59,-2.71,-4.03,-2.27,-1.36,-3.73,-0.92,-1.63,-2.67,-1.54,-1.09
-0.11,-0.12,-0.03,-0.08,-0.09,0,-0.11,-0.21,-0.18,0,-0.04,-0.06,0.07,-0.19,-0.22,-0.07,-0.14,-0.3,-0.21,-0.03
-0.06,-0.15,-0.08,-0.03,-0.22,-0.08,-0.09,-0.05,-0.37,-0.65,-0.48,-0.15,-0.29,-0.65,-2.57,0,0.03,-0.81,-0.56,-0.51
-0.04,-0.03,-0.02,-0.07,-0.07,0.03,0.01,-0.12,-0.06,-0.09,-0.09,-0.02,-0.07,-0.12,-0.25,-0.02,0,-0.2,-0.07,-0.09
-0.07,0.15,-0.08,-0.38,-0.52,0.03,0,-0.06,-0.55,-0.64,-0.71,0.06,-0.26,-1.43,-0.28,-0.02,0.05,-0.78,-1.51,-0.65
-0.19,-0.18,-0.43,-0.58,-0.59,-0.11,-0.43,0,-0.45,-0.66,-0.64,-0.02,-0.28,-0.8,-1.53,-0.2,-0.22,-0.57,-0.7,-0.67
-1.74,-2.3,0,-1.08,-2.41,-2.09,-2.06,-1.59,-1.87,-2.77,-2.2,-2.3,-2.12,-2.29,-2.64,-1.51,-1.93,-2.39,-2.3,-2.47
-2.97,-2.84,-3.09,-4.54,0,-2.84,-3.57,-4.3,-3.61,-4.79,-4.34,-2.93,-3.61,-4.75,-4.78,-2.84,-3.34,-4.61,-4.69,-4.55
-2.46,-3.79,-2.57,-3.37,-3.24,-2.2,-3.98,-4.32,-0.66,-2.22,-2.2,-4.33,-1.98,-0.95,-2.26,-4.8,-4.61,-0.68,0,-2.15
0.03,0.01,0.02,-0.08,-0.11,-0.02,-0.12,-0.08,-0.05,-0.16,-0.11,0.09,-0.03,0,-0.09,0,-0.04,-0.05,0.06,-0.08
-0.45,-4.8,-2.05,-2.34,-1.45,-1.34,-0.71,-0.93,-3.76,-3.99,-4.65,-4.39,-2.02,-4.75,0,-0.57,-1.58,-4.49,-4.8,-1.77
-4.06,-1.21,-1.21,-4.15,-0.77,-1.19,-3.08,-4.17,-1.25,0.03,0,-1.52,-0.27,-0.52,-4.78,-3.32,-0.78,-1.9,-1.16,-0.17
0.13,-0.09,-0.21,-1.57,-0.03,0,-0.56,0.01,-0.01,-0.08,0.05,0.05,0.18,0.06,-0.72,-0.18,-0.08,-0.14,0.12,0.05
0.03,0.05,-0.02,-1.1,-0.11,-0.01,-0.07,-0.34,0.06,-0.64,-0.35,0.05,-0.03,-0.19,0,0,-0.01,-0.25,-0.1,-0.21
-2.35,-1.59,-1.43,-2.61,-2.33,-1.98,-2.6,-3.93,-1.1,-1.54,-1.65,-2.14,-0.87,-0.5,-2.67,-2.43,-2.14,-0.82,0,-1.91
-0.53,-1.63,-0.35,-2.21,-1.42,-1.58,-2.33,0,-1.52,-1.51,-1.7,-1.65,-1.62,-2.12,-2.1,-0.63,-1.46,-1.63,-2,-1.05
-4.8,-4.8,-4.42,-4.63,-4.78,-4.75,-4.8,-3.84,-3.07,-4.8,-2.05,-4.8,-2.35,0,-4.8,-4.8,-4.8,-1.81,-0.59,-4.73
-0.05,-0.06,-0.5,-1.27,-1.41,0,-0.98,-0.61,0.3,-1.48,-1.58,-2.26,-0.51,0.15,-3.14,-0.17,-0.67,0.07,0.16,-1.24
-0.47,-0.14,-0.37,-0.92,-1.07,-0.59,-1.1,-1.02,-0.47,-0.46,-0.36,-0.12,-0.46,-0.41,0,-0.23,-0.15,-0.99,-0.36,-0.37
-0.56,-1.12,-1.2,-1.99,-1.6,-0.44,-1.14,-0.93,-0.88,-2.3,-1.52,-0.8,-0.75,-0.98,-1.12,-0.32,0,-0.43,-0.97,-1.89
-0.06,-2.08,0,-2.42,-0.58,-0.06,-0.79,-0.94,0,-0.08,-1.15,-2.79,0,0.29,-1.95,-0.13,0.1,0.11,0.24,0.15
-2.8,-4.8,-4.38,-4.16,-3.11,-4.68,-4.67,0,-4.47,-4.66,-4.8,-4.16,-4.8,-4.8,-4.55,-2.7,-4.8,-4.8,-4.8,-4.8
-0.06,0.01,-0.08,-0.07,-0.06,-0.01,-0.2,-0.16,-0.07,0.05,0.03,0.1,0.1,-0.01,-0.88,-0.64,-1.08,-0.09,-0.01,0
-0.18,-0.38,-0.13,-0.27,-0.9,-0.42,-0.64,0,-0.49,-1.67,-0.51,-0.42,-0.36,-0.51,-0.3,-0.2,-0.45,-0.47,-0.5,-1.41
-2.43,-2.47,-2,-3.07,-2.36,-2.29,-3.17,-4.65,-0.71,-3.19,-2.51,-2.71,-2.32,-0.15,-4.09,-2.37,-3.46,0.13,0,-2.46
-1.45,-1.62,-0.28,-2.64,-2.07,0,-2.2,-2.37,-0.84,-2.53,-1.46,-1.46,-0.57,-2.78,-4.8,-1.57,-2.29,-2.29,-2.86,-2.32
-0.75,-4.8,-4.8,-4.13,-2.31,-4.61,-4.8,-3.07,-4.41,-4.68,-4.8,-4.8,-4.43,-4.8,0,-1.29,-4.45,-4.61,-4.8,-4.31
-0.4,-0.77,-0.19,-3.08,-0.33,-0.38,-1.14,-4.7,0.07,-0.57,-0.52,-1.23,-0.18,0.02,-4.68,-0.4,-0.27,-0.17,0,-0.25
-4.15,0,-4.7,-4.8,-3.7,-3.21,-4.8,-4.8,-1,-3.76,-4.74,-1.11,-4.74,-4.65,-4.72,-3.5,-2.06,-4.8,-4.8,-2.49
-0.83,-4.39,-4.5,-4.8,-0.14,-4.6,-3.61,-4.8,-3.88,-0.16,-0.6,-4.56,-0.53,-1.77,-4.53,-4.42,-0.47,-4.35,-4.6,0
-0.78,-4.8,-3.81,-4.46,-0.65,-2.99,-4.04,-4.8,-3.32,-0.4,-0.83,-4.8,-0.85,-1.8,-4.19,-3.42,-0.89,-3.2,-2.27,0
-0.72,-4.8,-4.38,-1.6,-0.66,-4.14,-4.06,-4.67,-4.24,-0.22,-3.97,-4.33,-4.34,-4.79,-3.68,-1.23,-0.71,-4.31,-4.15,0
-3.14,-4.6,-4.54,-3.15,-1.94,-4.8,-2.52,-4.8,-3.61,-0.13,0,-2.51,-0.17,-0.34,-4.76,-4.12,-1.9,-1.95,-1.78,-0.45
-0.09,-0.23,-0.06,-0.47,-0.12,-0.1,-0.38,-0.06,-0.01,-0.01,-0.22,-0.11,-0.17,-0.23,-2.52,0,0.01,-0.02,-0.12,-0.03
-0.65,-1.34,-1.89,-2.93,-0.86,-0.32,-1.09,-0.39,-0.7,-0.38,-0.17,-1.46,-0.05,0,-0.9,-1.09,-0.74,-0.29,-0.22,-0.42
-0.25,-0.11,-0.06,-0.02,-0.36,-0.05,0,-0.15,-0.08,-0.36,-0.54,-0.15,-0.32,-0.46,-0.24,-0.13,-0.13,-0.08,-0.3,-0.28
-0.08,0.06,-0.04,-0.02,-0.03,-0.01,-0.07,-0.01,-0.05,-0.07,0,0.04,0.13,-0.02,-0.14,0,0,-0.11,-0.01,-0.02
0.04,-0.11,0.03,0.04,0,0,0,0,-0.03,0,0,0,0,-0.06,-0.09,0.09,0,-0.06,-0.02,0.01
0.02,-0.06,0.05,0,-0.13,0,0.02,0,0,-0.13,-0.06,-0.01,-0.6,-0.06,0.02,0.05,0.02,-0.07,-0.05,0.01
0,-0.03,-0.05,-0.02,-0.2,-0.02,0.03,0.05,0.01,-0.16,-0.03,-0.02,-0.05,-0.06,0.02,-0.04,0,-0.21,-0.02,-0.08
-0.04,-0.01,-0.06,0,-0.11,0,0,0.02,0,-0.2,-0.2,-0.08,-0.08,-0.15,0,0.04,-0.03,-0.57,-0.12,-0.06
0,-0.02,0,-0.04,-0.07,-0.04,-0.01,0,0.03,-0.01,-0.05,0.01,0.01,0,0.04,-0.03,0.02,-0.02,0,-0.03
-0.03,0,-0.02,-0.23,0,0,0,-0.01,0,-0.09,-0.1,-0.02,0,0.01,-0.01,-0.02,0,0,-0.01,0
-0.07,-0.34,0,-0.53,0,0,-0.1,-0.02,0,-0.06,-0.01,0,0,0,-1.31,0,-0.69,-1.08,-0.18,0
-0.07,-0.08,-0.02,-0.05,0,-0.35,-0.02,-0.25,-0.49,-0.05,-0.07,-0.07,-0.03,-0.02,-0.84,-0.04,-0.08,-0.11,-0.02,-0.06
-0.06,-0.08,-0.1,-0.08,-0.11,-0.07,-0.01,0,0,-0.12,-0.13,0,0.02,-0.06,-0.01,-0.02,0.01,-0.08,-0.02,-0.04
0.02,0.03,0.01,0.01,0,0.07,0.02,0.02,-0.01,0.01,0.04,0.05,0.11,0.02,0,0.03,0.02,-0.2,0.03,0.04
-0.02,-0.01,0.02,0,-0.01,0,-0.02,0,-0.01,-0.06,0,0,0.01,0.11,-0.16,-0.01,-0.02,-0.02,-0.06,0.01
0,-0.1,-0.08,0.03,0.01,0.02,-0.06,0.03,-0.02,0.01,-0.01,0,0.03,0.03,0.01,0.01,-0.04,0,0,0.07
0,-0.05,0.08,-0.01,-0.01,-0.04,0.05,-0.06,0,0.02,0.02,-0.02,0.05,0.04,0.02,0,-0.01,-0.01,0.02,0.01
0,-0.01,-0.01,-0.01,-0.03,-0.01,0.01,0.01,0.02,-0.01,0.01,-0.01,-0.01,-0.06,0.01,0.01,0,-0.02,-0.01,0.01
